id_filename,decision_sign,name,party,legal area,entscheid
1000,5A_449/2026,Bovey,FDP,Zivilrecht,nicht eingetreten
100,7B_245/2026,Abrecht,SP,Strafrecht,gutgeheissen
101,6B_975/2025,Muschietti,FDP,Strafrecht,teilweise gutgeheissen
102,"6B_845/2025, 6B_846/2025",Muschietti,FDP,Strafrecht,gutgeheissen
103,7B_155/2026,Abrecht,SP,Strafrecht,teilweise gutgeheissen
104,7B_49/2026,Abrecht,SP,Strafrecht,abgewiesen
105,6B_424/2026,Muschietti,FDP,Strafrecht,nicht eingetreten
106,6F_7/2026,Muschietti,FDP,AndererBereich,nicht eingetreten
108,5A_596/2026,Bovey,FDP,Zivilrecht,abgewiesen
109,4A_283/2026,Hurni,GLP,Zivilrecht,nicht eingetreten
10,5A_564/2026,Bovey,FDP,Zivilrecht,nicht eingetreten
110,4A_151/2026,Hurni,GLP,Zivilrecht,nicht eingetreten
111,4A_195/2026,Hurni,GLP,Zivilrecht,nicht eingetreten
112,4A_227/2026,Hurni,GLP,Zivilrecht,nicht eingetreten
113,4D_73/2026,Hurni,GLP,Subsidiäre Verfassungsbeschwerde,nicht eingetreten
114,1C_128/2026,Haag,GLP,Öffentliches Recht,abgewiesen
115,7B_612/2024,Abrecht,SP,Strafrecht,abgewiesen
116,5A_737/2025,Bovey,FDP,Zivilrecht,abgewiesen
118,9C_498/2025,Moser-Szeless,SVP,Öffentliches Recht,abgewiesen
119,7B_1326/2024,Abrecht,SP,Strafrecht,abgewiesen
11,5A_505/2026,Bovey,FDP,Zivilrecht,nicht eingetreten
120,7B_774/2026,Abrecht,SP,Strafrecht,nicht eingetreten
121,8C_343/2025,Viscione,SVP,Öffentliches Recht,teilweise gutgeheissen
122,9C_374/2025,Moser-Szeless,SVP,Öffentliches Recht,abgewiesen
123,5A_683/2025,Bovey,FDP,Zivilrecht,gutgeheissen
124,5F_19/2026,Bovey,FDP,AndererBereich,abgewiesen
125,8C_360/2026,Viscione,SVP,Öffentliches Recht,nicht eingetreten
126,8C_361/2026,Viscione,SVP,Öffentliches Recht,nicht eingetreten
127,8C_363/2026,Viscione,SVP,Öffentliches Recht,nicht eingetreten
128,9C_630/2025,Moser-Szeless,SVP,Öffentliches Recht,nicht eingetreten
12,5A_508/2026,Bovey,FDP,Zivilrecht,nicht eingetreten
130,8C_338/2026,Viscione,SVP,Öffentliches Recht,nicht eingetreten
131,5A_121/2026,Bovey,FDP,Zivilrecht,nicht eingetreten
132,5A_129/2026,Bovey,FDP,Zivilrecht,abgewiesen
133,5A_440/2026,Bovey,FDP,Zivilrecht,nicht eingetreten
135,1C_356/2026,Haag,GLP,Öffentliches Recht,nicht eingetreten
136,9C_532/2025,Moser-Szeless,SVP,Öffentliches Recht,abgewiesen
137,5A_561/2026,Bovey,FDP,Zivilrecht,nicht eingetreten
138,4D_54/2026,Hurni,GLP,Subsidiäre Verfassungsbeschwerde,nicht eingetreten
139,4D_56/2026,Hurni,GLP,Subsidiäre Verfassungsbeschwerde,nicht eingetreten
13,6B_432/2025,Muschietti,FDP,Strafrecht,gutgeheissen
140,4D_58/2026,Hurni,GLP,Subsidiäre Verfassungsbeschwerde,nicht eingetreten
141,4D_60/2026,Hurni,GLP,Subsidiäre Verfassungsbeschwerde,nicht eingetreten
142,4D_35/2026,Hurni,GLP,Subsidiäre Verfassungsbeschwerde,nicht eingetreten
143,4D_26/2026,Hurni,GLP,Subsidiäre Verfassungsbeschwerde,nicht eingetreten
144,4D_38/2026,Hurni,GLP,Subsidiäre Verfassungsbeschwerde,nicht eingetreten
145,4D_43/2026,Hurni,GLP,Subsidiäre Verfassungsbeschwerde,nicht eingetreten
148,4D_74/2026,Hurni,GLP,Subsidiäre Verfassungsbeschwerde,abgeschrieben
149,2C_142/2026,Aubry Girardin,Grüne,Öffentliches Recht,abgewiesen
14,7B_707/2026,Abrecht,SP,Strafrecht,teilweise gutgeheissen
150,8C_140/2026,Viscione,SVP,Öffentliches Recht,gutgeheissen
152,4A_285/2026,Kiss,FDP,Zivilrecht,nicht eingetreten
153,1C_722/2025,Kneubühler,SP,Öffentliches Recht,abgewiesen
154,4A_206/2026,Hurni,GLP,Zivilrecht,nicht eingetreten
155,4D_61/2026,Hurni,GLP,Subsidiäre Verfassungsbeschwerde,nicht eingetreten
156,9C_208/2025,Moser-Szeless,SVP,Öffentliches Recht,abgewiesen
157,7B_926/2025,Abrecht,SP,Strafrecht,abgewiesen
158,9C_362/2025,Moser-Szeless,SVP,Öffentliches Recht,abgewiesen
159,1C_330/2026,Haag,GLP,Öffentliches Recht,nicht eingetreten
15,4A_157/2026,Hurni,GLP,Zivilrecht,nicht eingetreten
160,1C_362/2025,Haag,GLP,Öffentliches Recht,abgewiesen
161,7B_110/2025,Abrecht,SP,Strafrecht,teilweise gutgeheissen
162,7B_647/2026,Abrecht,SP,Strafrecht,nicht eingetreten
163,4A_289/2026,Hurni,GLP,Zivilrecht,nicht eingetreten
164,2C_337/2026,Donzallaz,parteilos (ex SVP),Öffentliches Recht,nicht eingetreten
165,8C_490/2024,Viscione,SVP,Öffentliches Recht,abgewiesen
166,8C_675/2025,Viscione,SVP,Öffentliches Recht,abgewiesen
168,9C_310/2025,Moser-Szeless,SVP,Öffentliches Recht,abgewiesen
169,9C_600/2025,Moser-Szeless,SVP,Öffentliches Recht,teilweise gutgeheissen
16,5A_1078/2025,Bovey,FDP,Zivilrecht,abgewiesen
170,8C_113/2026,Viscione,SVP,Öffentliches Recht,abgewiesen
171,8C_676/2025,Viscione,SVP,Öffentliches Recht,abgewiesen
172,9C_280/2026,Moser-Szeless,SVP,Öffentliches Recht,abgewiesen
173,8C_397/2026,Viscione,SVP,Öffentliches Recht,nicht eingetreten
174,4A_528/2025,Hurni,GLP,Zivilrecht,abgewiesen
175,1C_146/2025,Haag,GLP,Öffentliches Recht,gutgeheissen
176,6B_807/2025,Muschietti,FDP,Strafrecht,gutgeheissen
177,8C_535/2025,Viscione,SVP,Öffentliches Recht,teilweise gutgeheissen
178,4A_513/2025,Hurni,GLP,Zivilrecht,abgewiesen
179,5A_842/2025,Bovey,FDP,Zivilrecht,abgewiesen
180,7B_1111/2025,Abrecht,SP,Strafrecht,abgewiesen
181,4A_479/2025,Hurni,GLP,Zivilrecht,abgewiesen
183,6B_359/2024,Muschietti,FDP,Strafrecht,teilweise gutgeheissen
184,6B_870/2025,Muschietti,FDP,Strafrecht,abgewiesen
185,5A_183/2026,Bovey,FDP,Zivilrecht,gutgeheissen
186,6B_155/2026,Muschietti,FDP,Strafrecht,abgewiesen
187,6B_51/2026,Muschietti,FDP,Strafrecht,abgewiesen
188,8C_527/2025,Viscione,SVP,Öffentliches Recht,abgewiesen
189,6B_459/2025,von Felten,Die Mitte,Strafrecht,abgewiesen
18,6B_720/2025,Muschietti,FDP,Strafrecht,abgewiesen
192,9C_366/2026,Moser-Szeless,SVP,Öffentliches Recht,nicht eingetreten
193,"9C_533/2024, 9C_540/2024",Moser-Szeless,SVP,Öffentliches Recht,gutgeheissen
194,6B_275/2026,von Felten,Die Mitte,Strafrecht,nicht eingetreten
195,6B_200/2026,Muschietti,FDP,Strafrecht,gutgeheissen
196,6B_214/2026,Muschietti,FDP,Strafrecht,abgewiesen
198,7B_118/2026,Abrecht,SP,Strafrecht,teilweise gutgeheissen
19,6B_168/2026,Muschietti,FDP,Strafrecht,abgewiesen
1,1C_85/2026,Haag,GLP,Öffentliches Recht,abgewiesen
200,7B_650/2026,Abrecht,SP,Strafrecht,gutgeheissen
201,8C_170/2026,Viscione,SVP,Öffentliches Recht,teilweise gutgeheissen
202,8C_234/2026,Viscione,SVP,Öffentliches Recht,nicht eingetreten
203,8C_235/2026,Viscione,SVP,Öffentliches Recht,gutgeheissen
204,8C_365/2025,Viscione,SVP,Öffentliches Recht,gutgeheissen
205,5A_545/2026,Bovey,FDP,Zivilrecht,nicht eingetreten
206,7B_588/2026,Abrecht,SP,Strafrecht,gutgeheissen
207,7B_708/2026,Abrecht,SP,Strafrecht,gutgeheissen
209,4A_167/2026,Hurni,GLP,Zivilrecht,nicht eingetreten
20,6B_945/2025,Muschietti,FDP,Strafrecht,abgewiesen
210,5A_548/2026,Bovey,FDP,Zivilrecht,nicht eingetreten
211,4A_189/2026,Hurni,GLP,Zivilrecht,abgeschrieben
212,5A_585/2026,Bovey,FDP,Zivilrecht,nicht eingetreten
213,4A_205/2026,Hurni,GLP,Zivilrecht,nicht eingetreten
214,1G_1/2026,Haag,GLP,AndererBereich,abgewiesen
215,2C_212/2025,Aubry Girardin,Grüne,Öffentliches Recht,abgewiesen
216,5A_1008/2025,Bovey,FDP,Zivilrecht,abgewiesen
217,5A_1105/2025,Bovey,FDP,Zivilrecht,abgewiesen
218,5A_140/2026,Bovey,FDP,Zivilrecht,abgewiesen
21,7B_1279/2025,Abrecht,SP,Strafrecht,abgewiesen
220,8C_701/2025,Viscione,SVP,Öffentliches Recht,abgewiesen
221,4A_156/2025,Hurni,GLP,Zivilrecht,gutgeheissen
222,7B_1318/2024,Abrecht,SP,Strafrecht,abgewiesen
223,7B_78/2025,Abrecht,SP,Strafrecht,nicht eingetreten
224,9C_697/2024,Moser-Szeless,SVP,Öffentliches Recht,gutgeheissen
225,6B_343/2026,von Felten,Die Mitte,Strafrecht,nicht eingetreten
226,9C_213/2026,Moser-Szeless,SVP,Öffentliches Recht,abgewiesen
227,6B_198/2026,Muschietti,FDP,Strafrecht,teilweise gutgeheissen
228,9C_547/2025,Moser-Szeless,SVP,Öffentliches Recht,teilweise gutgeheissen
229,9C_333/2026,Moser-Szeless,SVP,Öffentliches Recht,nicht eingetreten
22,2C_356/2026,Donzallaz,parteilos (ex SVP),Öffentliches Recht,nicht eingetreten
230,9C_652/2025,Moser-Szeless,SVP,Öffentliches Recht,abgewiesen
231,"1C_209/2026, 1C_240/2026, 1C_241/2026",Haag,GLP,Öffentliches Recht,nicht eingetreten
232,5A_422/2026,Bovey,FDP,Zivilrecht,nicht eingetreten
233,5A_323/2026,Bovey,FDP,Zivilrecht,abgewiesen
234,9C_538/2024,Moser-Szeless,SVP,Öffentliches Recht,teilweise gutgeheissen
235,7B_1105/2025,Abrecht,SP,Strafrecht,nicht eingetreten
236,9F_10/2026,Moser-Szeless,SVP,AndererBereich,nicht eingetreten
237,5A_446/2026,Bovey,FDP,Zivilrecht,nicht eingetreten
238,5A_991/2025,Bovey,FDP,Zivilrecht,abgeschrieben
239,6B_791/2025,Muschietti,FDP,Strafrecht,teilweise gutgeheissen
23,5A_1120/2025,Bovey,FDP,Zivilrecht,abgewiesen
240,7B_665/2026,Abrecht,SP,Strafrecht,nicht eingetreten
241,9C_300/2026,Moser-Szeless,SVP,Öffentliches Recht,nicht eingetreten
242,9F_14/2026,Moser-Szeless,SVP,AndererBereich,nicht eingetreten
243,7B_477/2026,Abrecht,SP,Strafrecht,nicht eingetreten
244,7B_560/2026,Abrecht,SP,Strafrecht,nicht eingetreten
245,5A_543/2026,Bovey,FDP,Zivilrecht,abgewiesen
246,5A_544/2026,Bovey,FDP,Zivilrecht,nicht eingetreten
247,5A_547/2026,Bovey,FDP,Zivilrecht,nicht eingetreten
248,5A_549/2026,Bovey,FDP,Zivilrecht,abgewiesen
249,5A_558/2026,Bovey,FDP,Zivilrecht,nicht eingetreten
24,6B_323/2026,Muschietti,FDP,Strafrecht,nicht eingetreten
250,9D_26/2025,Moser-Szeless,SVP,Subsidiäre Verfassungsbeschwerde,nicht eingetreten
251,5A_541/2026,Bovey,FDP,Zivilrecht,nicht eingetreten
252,5F_25/2026,Bovey,FDP,AndererBereich,nicht eingetreten
253,5A_395/2025,Bovey,FDP,Zivilrecht,abgewiesen
254,5A_517/2026,Bovey,FDP,Zivilrecht,abgeschrieben
255,5A_556/2026,Bovey,FDP,Zivilrecht,abgewiesen
256,5A_525/2026,Bovey,FDP,Zivilrecht,nicht eingetreten
257,5A_557/2026,Bovey,FDP,Zivilrecht,nicht eingetreten
258,5A_911/2025,Bovey,FDP,Zivilrecht,abgewiesen
259,4A_244/2025,Hurni,GLP,Zivilrecht,abgewiesen
25,5A_234/2026,Bovey,FDP,Zivilrecht,nicht eingetreten
260,4A_226/2026,Hurni,GLP,Zivilrecht,nicht eingetreten
261,8C_571/2025,Viscione,SVP,Öffentliches Recht,abgewiesen
262,6B_313/2025,von Felten,Die Mitte,Strafrecht,abgewiesen
263,7B_264/2026,Abrecht,SP,Strafrecht,nicht eingetreten
264,8C_672/2025,Viscione,SVP,Öffentliches Recht,gutgeheissen
265,"9C_280/2025, 9C_286/2025",Moser-Szeless,SVP,Öffentliches Recht,gutgeheissen
266,4A_222/2026,Hurni,GLP,Zivilrecht,nicht eingetreten
268,2F_10/2026,Aubry Girardin,Grüne,AndererBereich,nicht eingetreten
269,6B_281/2026,Muschietti,FDP,Strafrecht,abgewiesen
26,5A_841/2025,Bovey,FDP,Zivilrecht,abgewiesen
270,"5A_1125/2025, 5A_3/2026",Bovey,FDP,Zivilrecht,abgewiesen
271,4A_268/2026,Hurni,GLP,Zivilrecht,nicht eingetreten
272,6B_79/2026,Muschietti,FDP,Strafrecht,teilweise gutgeheissen
273,6B_207/2026,von Felten,Die Mitte,Strafrecht,abgewiesen
274,4A_280/2026,Hurni,GLP,Zivilrecht,nicht eingetreten
275,7B_330/2026,Abrecht,SP,Strafrecht,abgewiesen
277,8C_354/2026,Viscione,SVP,Öffentliches Recht,nicht eingetreten
278,9C_259/2026,Moser-Szeless,SVP,Öffentliches Recht,nicht eingetreten
279,6B_13/2026,Muschietti,FDP,Strafrecht,gutgeheissen
27,1C_331/2026,Haag,GLP,Öffentliches Recht,nicht eingetreten
280,7B_1021/2024,Abrecht,SP,Strafrecht,nicht eingetreten
281,8C_690/2025,Viscione,SVP,Öffentliches Recht,abgewiesen
283,5A_12/2026,Bovey,FDP,Zivilrecht,nicht eingetreten
284,1C_221/2024,Haag,GLP,Öffentliches Recht,abgewiesen
285,"4A_285/2025,",Hurni,GLP,Zivilrecht,abgewiesen
286,4A_387/2025,Hurni,GLP,Zivilrecht,nicht eingetreten
287,6B_591/2025,von Felten,Die Mitte,Strafrecht,abgewiesen
288,2C_48/2026,Aubry Girardin,Grüne,Öffentliches Recht,abgewiesen
289,7B_249/2026,Abrecht,SP,Strafrecht,abgewiesen
28,6B_497/2025,Muschietti,FDP,Strafrecht,abgewiesen
290,6B_711/2025,von Felten,Die Mitte,Strafrecht,abgewiesen
291,6F_4/2026,von Felten,Die Mitte,AndererBereich,abgewiesen
292,6B_401/2025,Muschietti,FDP,Strafrecht,gutgeheissen
293,7B_1108/2025,Abrecht,SP,Strafrecht,abgewiesen
294,7B_356/2026,Abrecht,SP,Strafrecht,abgewiesen
295,6B_946/2025,Muschietti,FDP,Strafrecht,abgewiesen
296,6F_2/2026,von Felten,Die Mitte,AndererBereich,abgewiesen
297,6B_181/2026,von Felten,Die Mitte,Strafrecht,nicht eingetreten
298,6B_62/2026,von Felten,Die Mitte,Strafrecht,nicht eingetreten
299,6B_709/2025,von Felten,Die Mitte,Strafrecht,abgewiesen
29,5A_1070/2025,Bovey,FDP,Zivilrecht,abgeschrieben
2,6B_350/2026,von Felten,Die Mitte,Strafrecht,abgewiesen
300,6B_777/2025,Muschietti,FDP,Strafrecht,abgewiesen
301,6B_886/2025,Muschietti,FDP,Strafrecht,abgewiesen
302,6B_820/2025,von Felten,Die Mitte,Strafrecht,abgewiesen
303,2C_727/2025,Aubry Girardin,Grüne,Öffentliches Recht,abgewiesen
304,8C_368/2026,Viscione,SVP,Öffentliches Recht,nicht eingetreten
305,5A_1091/2025,Bovey,FDP,Zivilrecht,abgewiesen
306,6B_118/2026,Muschietti,FDP,Strafrecht,abgewiesen
307,6B_775/2025,Muschietti,FDP,Strafrecht,abgewiesen
308,6B_966/2025,Muschietti,FDP,Strafrecht,teilweise gutgeheissen
309,7B_1029/2024,Abrecht,SP,Strafrecht,gutgeheissen
30,5A_124/2026,Bovey,FDP,Zivilrecht,abgewiesen
310,7B_122/2026,Abrecht,SP,Strafrecht,nicht eingetreten
311,7B_20/2026,Abrecht,SP,Strafrecht,abgewiesen
312,7B_4/2026,Abrecht,SP,Strafrecht,nicht eingetreten
314,"5A_483/2025, 5A_495/2025",Bovey,FDP,Zivilrecht,teilweise gutgeheissen
315,5A_932/2025,Bovey,FDP,Zivilrecht,teilweise gutgeheissen
316,6B_357/2026,von Felten,Die Mitte,Strafrecht,nicht eingetreten
317,9C_364/2026,Moser-Szeless,SVP,Öffentliches Recht,nicht eingetreten
318,5A_526/2026,Bovey,FDP,Zivilrecht,abgewiesen
319,8C_111/2026,Viscione,SVP,Öffentliches Recht,gutgeheissen
31,5A_338/2026,Bovey,FDP,Zivilrecht,nicht eingetreten
320,2C_645/2025,Aubry Girardin,Grüne,Öffentliches Recht,abgewiesen
321,9C_111/2026,Moser-Szeless,SVP,Öffentliches Recht,nicht eingetreten
322,5A_185/2026,Bovey,FDP,Zivilrecht,nicht eingetreten
323,5A_201/2026,Bovey,FDP,Zivilrecht,nicht eingetreten
324,5A_270/2026,Bovey,FDP,Zivilrecht,nicht eingetreten
325,5A_538/2026,Bovey,FDP,Zivilrecht,nicht eingetreten
326,5A_195/2026,Bovey,FDP,Zivilrecht,nicht eingetreten
327,5A_233/2026,Bovey,FDP,Zivilrecht,abgewiesen
328,6B_160/2026,Muschietti,FDP,Strafrecht,abgewiesen
329,6B_162/2026,Muschietti,FDP,Strafrecht,abgewiesen
32,5A_450/2026,Bovey,FDP,Zivilrecht,abgeschrieben
330,7B_316/2024,Koch,SP,Strafrecht,abgewiesen
331,1C_87/2026,Kneubühler,SP,Öffentliches Recht,gutgeheissen
332,8C_309/2026,Viscione,SVP,Öffentliches Recht,abgeschrieben
333,9C_375/2025,Moser-Szeless,SVP,Öffentliches Recht,abgewiesen
334,1C_4/2026,Müller,SVP,Öffentliches Recht,abgewiesen
335,4A_30/2026,Hurni,GLP,Zivilrecht,nicht eingetreten
336,9C_156/2026,Moser-Szeless,SVP,Öffentliches Recht,nicht eingetreten
337,1C_64/2026,Müller,SVP,Öffentliches Recht,abgeschrieben
338,9C_639/2025,Moser-Szeless,SVP,Öffentliches Recht,abgewiesen
339,4A_194/2026,Hurni,GLP,Zivilrecht,nicht eingetreten
33,2C_363/2026,Aubry Girardin,Grüne,Öffentliches Recht,nicht eingetreten
340,7B_1393/2024,Abrecht,SP,Strafrecht,abgewiesen
343,8C_344/2026,Viscione,SVP,Öffentliches Recht,nicht eingetreten
344,4D_46/2026,Hurni,GLP,Subsidiäre Verfassungsbeschwerde,nicht eingetreten
345,6B_744/2025,von Felten,Die Mitte,Strafrecht,abgewiesen
346,6B_92/2026,Muschietti,FDP,Strafrecht,gutgeheissen
347,2C_534/2025,Aubry Girardin,Grüne,Öffentliches Recht,nicht eingetreten
348,5A_466/2026,Bovey,FDP,Zivilrecht,abgewiesen
349,6B_293/2025,Muschietti,FDP,Strafrecht,teilweise gutgeheissen
34,5A_481/2026,Bovey,FDP,Zivilrecht,teilweise gutgeheissen
350,6B_80/2026,Muschietti,FDP,Strafrecht,abgewiesen
351,4A_170/2026,Hurni,GLP,Zivilrecht,nicht eingetreten
352,5A_481/2024,Bovey,FDP,Zivilrecht,abgewiesen
353,7B_413/2026,Abrecht,SP,Strafrecht,nicht eingetreten
354,8C_272/2026,Viscione,SVP,Öffentliches Recht,nicht eingetreten
355,8C_358/2026,Viscione,SVP,Öffentliches Recht,nicht eingetreten
356,7B_397/2025,Abrecht,SP,Strafrecht,gutgeheissen
358,5A_511/2026,Bovey,FDP,Zivilrecht,nicht eingetreten
359,5A_514/2026,Bovey,FDP,Zivilrecht,nicht eingetreten
35,5A_546/2026,Bovey,FDP,Zivilrecht,nicht eingetreten
360,5A_518/2026,Bovey,FDP,Zivilrecht,nicht eingetreten
361,5A_492/2026,Bovey,FDP,Zivilrecht,abgewiesen
362,5A_498/2026,Bovey,FDP,Zivilrecht,abgewiesen
363,5A_500/2026,Bovey,FDP,Zivilrecht,abgewiesen
364,5A_507/2026,Bovey,FDP,Zivilrecht,abgewiesen
365,5F_21/2026,Bovey,FDP,AndererBereich,abgewiesen
366,5F_22/2026,Bovey,FDP,AndererBereich,abgewiesen
367,5F_23/2026,Bovey,FDP,AndererBereich,abgewiesen
368,5A_581/2025,Bovey,FDP,Zivilrecht,gutgeheissen
369,8C_359/2026,Viscione,SVP,Öffentliches Recht,abgeschrieben
36,5A_604/2026,Bovey,FDP,Zivilrecht,nicht eingetreten
370,9C_374/2026,Moser-Szeless,SVP,Öffentliches Recht,nicht eingetreten
371,7B_641/2026,Abrecht,SP,Strafrecht,gutgeheissen
372,4A_562/2025,Hurni,GLP,Zivilrecht,gutgeheissen
373,1C_401/2024,Haag,GLP,Öffentliches Recht,abgewiesen
374,4A_169/2026,Hurni,GLP,Zivilrecht,nicht eingetreten
375,4D_42/2026,Hurni,GLP,Subsidiäre Verfassungsbeschwerde,nicht eingetreten
376,1C_105/2026,Kneubühler,SP,Öffentliches Recht,abgewiesen
377,8C_563/2025,Viscione,SVP,Öffentliches Recht,abgewiesen
378,8C_526/2025,Viscione,SVP,Öffentliches Recht,teilweise gutgeheissen
379,1C_106/2026,Müller,SVP,Öffentliches Recht,gutgeheissen
37,5A_589/2026,Bovey,FDP,Zivilrecht,nicht eingetreten
380,2D_3/2026,Aubry Girardin,Grüne,Subsidiäre Verfassungsbeschwerde,abgewiesen
382,6B_142/2026,Muschietti,FDP,Strafrecht,abgewiesen
383,9C_249/2026,Moser-Szeless,SVP,Öffentliches Recht,abgewiesen
384,2C_111/2026,Aubry Girardin,Grüne,Öffentliches Recht,abgewiesen
385,2C_663/2025,Aubry Girardin,Grüne,Öffentliches Recht,nicht eingetreten
386,5A_246/2025,Bovey,FDP,Zivilrecht,gutgeheissen
387,6B_111/2026,Muschietti,FDP,Strafrecht,abgewiesen
388,5A_50/2026,Bovey,FDP,Zivilrecht,teilweise gutgeheissen
389,5A_59/2026,Bovey,FDP,Zivilrecht,nicht eingetreten
38,7B_779/2026,Abrecht,SP,Strafrecht,abgewiesen
390,5A_705/2025,Bovey,FDP,Zivilrecht,gutgeheissen
391,9C_255/2026,Moser-Szeless,SVP,Öffentliches Recht,abgewiesen
392,9C_683/2024,Moser-Szeless,SVP,Öffentliches Recht,gutgeheissen
393,5A_521/2026,Bovey,FDP,Zivilrecht,nicht eingetreten
394,2D_10/2026,Donzallaz,parteilos (ex SVP),Subsidiäre Verfassungsbeschwerde,nicht eingetreten
395,5A_678/2025,Bovey,FDP,Zivilrecht,nicht eingetreten
396,1C_329/2026,Haag,GLP,Öffentliches Recht,nicht eingetreten
397,8C_559/2025,Viscione,SVP,Öffentliches Recht,abgewiesen
398,9F_15/2026,Moser-Szeless,SVP,AndererBereich,abgewiesen
399,1C_285/2026,Haag,GLP,Öffentliches Recht,abgeschrieben
39,2C_632/2025,Aubry Girardin,Grüne,Öffentliches Recht,abgewiesen
3,6B_946/2024,Muschietti,FDP,Strafrecht,abgewiesen
400,5A_1065/2025,Bovey,FDP,Zivilrecht,nicht eingetreten
401,5A_187/2026,Bovey,FDP,Zivilrecht,nicht eingetreten
402,5A_451/2026,Bovey,FDP,Zivilrecht,nicht eingetreten
403,7B_592/2026,Abrecht,SP,Strafrecht,abgeschrieben
404,6B_826/2024,Muschietti,FDP,Strafrecht,abgewiesen
405,2C_724/2025,Aubry Girardin,Grüne,Öffentliches Recht,abgeschrieben
406,2C_498/2025,Aubry Girardin,Grüne,Öffentliches Recht,abgewiesen
407,2C_660/2025,Aubry Girardin,Grüne,Öffentliches Recht,abgewiesen
408,2C_88/2026,Aubry Girardin,Grüne,Öffentliches Recht,nicht eingetreten
409,6B_988/2025,Muschietti,FDP,Strafrecht,gutgeheissen
40,2C_634/2025,Aubry Girardin,Grüne,Öffentliches Recht,abgewiesen
410,7B_362/2026,Abrecht,SP,Strafrecht,nicht eingetreten
414,4A_153/2026,Hurni,GLP,Zivilrecht,abgewiesen
415,7B_390/2026,Abrecht,SP,Strafrecht,nicht eingetreten
416,7B_629/2024,Abrecht,SP,Strafrecht,abgewiesen
417,1C_644/2025,Müller,SVP,Öffentliches Recht,abgewiesen
418,7B_1362/2025,Abrecht,SP,Strafrecht,nicht eingetreten
419,7B_106/2025,Abrecht,SP,Strafrecht,abgewiesen
41,4A_654/2025,Hurni,GLP,Zivilrecht,abgewiesen
420,8C_700/2025,Viscione,SVP,Öffentliches Recht,abgewiesen
421,"7B_262/2026, 7B_296/2026",Abrecht,SP,Strafrecht,gutgeheissen
422,8C_324/2026,Viscione,SVP,Öffentliches Recht,nicht eingetreten
423,8C_325/2026,Viscione,SVP,Öffentliches Recht,nicht eingetreten
424,9C_694/2025,Moser-Szeless,SVP,Öffentliches Recht,abgewiesen
425,5A_253/2026,Bovey,FDP,Zivilrecht,nicht eingetreten
426,5A_510/2026,Bovey,FDP,Zivilrecht,nicht eingetreten
427,7B_629/2026,Abrecht,SP,Strafrecht,nicht eingetreten
428,2C_299/2026,Donzallaz,parteilos (ex SVP),Öffentliches Recht,nicht eingetreten
429,2C_344/2026,Donzallaz,parteilos (ex SVP),Öffentliches Recht,nicht eingetreten
42,"2C_31/2025, 2C_34/2025",Aubry Girardin,Grüne,Öffentliches Recht,abgewiesen
430,4D_41/2026,Hurni,GLP,Subsidiäre Verfassungsbeschwerde,nicht eingetreten
431,4D_57/2026,Hurni,GLP,Subsidiäre Verfassungsbeschwerde,nicht eingetreten
432,4D_81/2026,Hurni,GLP,Subsidiäre Verfassungsbeschwerde,nicht eingetreten
433,4D_83/2026,Hurni,GLP,Subsidiäre Verfassungsbeschwerde,nicht eingetreten
434,4A_164/2026,Hurni,GLP,Zivilrecht,nicht eingetreten
435,4A_257/2025,Hurni,GLP,Zivilrecht,abgewiesen
436,8C_159/2026,Viscione,SVP,Öffentliches Recht,gutgeheissen
437,7B_134/2025,Abrecht,SP,Strafrecht,gutgeheissen
439,7B_734/2025,Abrecht,SP,Strafrecht,gutgeheissen
43,1C_730/2025,Kneubühler,SP,Öffentliches Recht,gutgeheissen
440,7F_45/2025,Abrecht,SP,AndererBereich,nicht eingetreten
441,7B_261/2026,Abrecht,SP,Strafrecht,gutgeheissen
442,1C_458/2025,Haag,GLP,Öffentliches Recht,abgewiesen
443,1C_538/2025,Kneubühler,SP,Öffentliches Recht,abgewiesen
444,7B_1291/2025,Abrecht,SP,Strafrecht,nicht eingetreten
445,7B_683/2025,Abrecht,SP,Strafrecht,abgewiesen
446,2C_191/2026,Aubry Girardin,Grüne,Öffentliches Recht,nicht eingetreten
447,2C_313/2026,Aubry Girardin,Grüne,Öffentliches Recht,nicht eingetreten
448,7B_351/2024,Abrecht,SP,Strafrecht,gutgeheissen
44,2C_603/2025,Aubry Girardin,Grüne,Öffentliches Recht,teilweise gutgeheissen
450,5D_19/2026,Bovey,FDP,Subsidiäre Verfassungsbeschwerde,nicht eingetreten
451,2C_325/2026,Aubry Girardin,Grüne,Öffentliches Recht,nicht eingetreten
452,7B_442/2026,Abrecht,SP,Strafrecht,nicht eingetreten
453,9C_331/2026,Moser-Szeless,SVP,Öffentliches Recht,nicht eingetreten
454,4A_243/2026,Hurni,GLP,Zivilrecht,nicht eingetreten
457,8C_334/2026,Viscione,SVP,Öffentliches Recht,abgeschrieben
458,9C_343/2026,Moser-Szeless,SVP,Öffentliches Recht,nicht eingetreten
459,7B_651/2026,Abrecht,SP,Strafrecht,gutgeheissen
45,1C_100/2026,Müller,SVP,Öffentliches Recht,gutgeheissen
462,"4A_571/2025, 4A_575/2025",Hurni,GLP,Zivilrecht,abgewiesen
464,5A_506/2025,Bovey,FDP,Zivilrecht,abgewiesen
465,2C_699/2025,Aubry Girardin,Grüne,Öffentliches Recht,gutgeheissen
467,5A_317/2026,Bovey,FDP,Zivilrecht,nicht eingetreten
468,9C_78/2026,Moser-Szeless,SVP,Öffentliches Recht,abgewiesen
469,2C_207/2026,Aubry Girardin,Grüne,Öffentliches Recht,gutgeheissen
46,1C_46/2026,Müller,SVP,Öffentliches Recht,gutgeheissen
470,2C_285/2026,Aubry Girardin,Grüne,Öffentliches Recht,andere
471,5A_1100/2025,Bovey,FDP,Zivilrecht,abgewiesen
473,5A_408/2026,Bovey,FDP,Zivilrecht,abgewiesen
474,5A_485/2026,Bovey,FDP,Zivilrecht,nicht eingetreten
475,4A_517/2025,Hurni,GLP,Zivilrecht,abgewiesen
476,6B_633/2024,Muschietti,FDP,Strafrecht,abgewiesen
477,6B_505/2025,von Felten,Die Mitte,Strafrecht,abgewiesen
478,7B_445/2026,Koch,SP,Strafrecht,nicht eingetreten
479,7B_446/2026,Koch,SP,Strafrecht,nicht eingetreten
47,6B_735/2025,Muschietti,FDP,Strafrecht,abgewiesen
480,8C_654/2024,Viscione,SVP,Öffentliches Recht,abgewiesen
481,9C_38/2026,Moser-Szeless,SVP,Öffentliches Recht,teilweise gutgeheissen
482,9C_39/2026,Moser-Szeless,SVP,Öffentliches Recht,teilweise gutgeheissen
483,6B_235/2026,von Felten,Die Mitte,Strafrecht,nicht eingetreten
484,6B_903/2025,Muschietti,FDP,Strafrecht,abgewiesen
485,8C_66/2026,Viscione,SVP,Öffentliches Recht,abgewiesen
486,6B_415/2024,von Felten,Die Mitte,Strafrecht,abgewiesen
487,6B_132/2026,Muschietti,FDP,Strafrecht,abgewiesen
488,6B_197/2026,von Felten,Die Mitte,Strafrecht,abgewiesen
489,7B_589/2025,Abrecht,SP,Strafrecht,abgeschrieben
48,6B_747/2025,Muschietti,FDP,Strafrecht,abgewiesen
490,6B_288/2025,von Felten,Die Mitte,Strafrecht,abgewiesen
491,6B_315/2026,von Felten,Die Mitte,Strafrecht,nicht eingetreten
492,6B_369/2026,von Felten,Die Mitte,Strafrecht,nicht eingetreten
493,8C_680/2025,Viscione,SVP,Öffentliches Recht,abgewiesen
494,9C_326/2025,Moser-Szeless,SVP,Öffentliches Recht,abgewiesen
495,9C_337/2026,Moser-Szeless,SVP,Öffentliches Recht,nicht eingetreten
496,1C_184/2026,Kneubühler,SP,Öffentliches Recht,abgewiesen
497,1C_428/2024,Kneubühler,SP,Öffentliches Recht,gutgeheissen
498,1F_6/2026,Müller,SVP,AndererBereich,abgewiesen
499,4D_23/2026,Hurni,GLP,Subsidiäre Verfassungsbeschwerde,abgewiesen
4,8C_714/2025,Viscione,SVP,Öffentliches Recht,abgewiesen
500,8C_94/2026,Viscione,SVP,Öffentliches Recht,abgewiesen
501,6B_244/2026,Muschietti,FDP,Strafrecht,abgewiesen
502,6B_353/2025,Muschietti,FDP,Strafrecht,teilweise gutgeheissen
503,7B_1289/2025,Abrecht,SP,Strafrecht,gutgeheissen
504,7B_334/2026,Abrecht,SP,Strafrecht,abgewiesen
505,8C_687/2025,Viscione,SVP,Öffentliches Recht,abgewiesen
506,9C_221/2026,Moser-Szeless,SVP,Öffentliches Recht,nicht eingetreten
507,1C_272/2026,Haag,GLP,Öffentliches Recht,nicht eingetreten
508,4D_71/2026,Hurni,GLP,Subsidiäre Verfassungsbeschwerde,nicht eingetreten
509,2C_199/2026,Aubry Girardin,Grüne,Öffentliches Recht,nicht eingetreten
50,7B_384/2025,Abrecht,SP,Strafrecht,abgewiesen
510,4F_13/2026,Hurni,GLP,AndererBereich,nicht eingetreten
511,5A_473/2026,Bovey,FDP,Zivilrecht,nicht eingetreten
512,2C_250/2026,Aubry Girardin,Grüne,Öffentliches Recht,nicht eingetreten
513,5A_484/2026,Bovey,FDP,Zivilrecht,abgewiesen
514,8C_184/2026,Viscione,SVP,Öffentliches Recht,teilweise gutgeheissen
515,1C_353/2025,Haag,GLP,Öffentliches Recht,abgewiesen
516,5A_405/2026,Bovey,FDP,Zivilrecht,nicht eingetreten
518,2C_321/2026,Donzallaz,parteilos (ex SVP),Öffentliches Recht,nicht eingetreten
519,2C_343/2026,Donzallaz,parteilos (ex SVP),Öffentliches Recht,nicht eingetreten
51,7B_594/2024,Abrecht,SP,Strafrecht,nicht eingetreten
520,4A_260/2026,Hurni,GLP,Zivilrecht,abgeschrieben
521,4A_263/2026,Hurni,GLP,Zivilrecht,abgeschrieben
522,4D_91/2026,Hurni,GLP,Subsidiäre Verfassungsbeschwerde,abgeschrieben
523,5A_512/2026,Bovey,FDP,Zivilrecht,nicht eingetreten
527,5A_488/2026,Bovey,FDP,Zivilrecht,abgewiesen
528,5A_496/2026,Bovey,FDP,Zivilrecht,nicht eingetreten
529,5A_533/2026,Bovey,FDP,Zivilrecht,nicht eingetreten
530,6B_752/2025,von Felten,Die Mitte,Strafrecht,gutgeheissen
531,1C_560/2025,Kneubühler,SP,Öffentliches Recht,nicht eingetreten
532,1C_186/2026,Kneubühler,SP,Öffentliches Recht,abgewiesen
533,5D_8/2026,Bovey,FDP,Subsidiäre Verfassungsbeschwerde,abgewiesen
534,7B_846/2025,Koch,SP,Strafrecht,abgewiesen
535,4A_176/2026,Hurni,GLP,Zivilrecht,nicht eingetreten
536,4A_200/2026,Hurni,GLP,Zivilrecht,nicht eingetreten
537,4A_514/2025,Hurni,GLP,Zivilrecht,abgewiesen
538,4D_82/2026,Hurni,GLP,Subsidiäre Verfassungsbeschwerde,nicht eingetreten
539,5A_815/2025,Bovey,FDP,Zivilrecht,gutgeheissen
53,8C_283/2025,Viscione,SVP,Öffentliches Recht,abgewiesen
540,7B_447/2026,Abrecht,SP,Strafrecht,nicht eingetreten
541,1C_194/2026,Kneubühler,SP,Öffentliches Recht,abgeschrieben
542,4A_218/2026,Hurni,GLP,Zivilrecht,nicht eingetreten
543,4F_12/2026,Hurni,GLP,AndererBereich,abgewiesen
544,9C_295/2025,Moser-Szeless,SVP,Öffentliches Recht,abgewiesen
545,9C_594/2025,Moser-Szeless,SVP,Öffentliches Recht,abgewiesen
546,9C_663/2025,Moser-Szeless,SVP,Öffentliches Recht,abgewiesen
547,"6B_940/2024, 6B_941/2024, 6B_947/2024, 6B_968/2024",Muschietti,FDP,Strafrecht,gutgeheissen
548,7B_433/2026,Abrecht,SP,Strafrecht,abgewiesen
549,8C_266/2026,Viscione,SVP,Öffentliches Recht,nicht eingetreten
54,8C_529/2025,Viscione,SVP,Öffentliches Recht,teilweise gutgeheissen
550,9C_623/2025,Moser-Szeless,SVP,Öffentliches Recht,abgewiesen
551,4D_88/2026,Hurni,GLP,Subsidiäre Verfassungsbeschwerde,nicht eingetreten
552,7B_193/2026,Abrecht,SP,Strafrecht,gutgeheissen
553,1C_280/2026,Müller,SVP,Öffentliches Recht,nicht eingetreten
554,9C_212/2026,Moser-Szeless,SVP,Öffentliches Recht,abgewiesen
555,1C_299/2026,Haag,GLP,Öffentliches Recht,nicht eingetreten
556,2C_281/2026,Aubry Girardin,Grüne,Öffentliches Recht,nicht eingetreten
557,7B_248/2026,Abrecht,SP,Strafrecht,abgewiesen
558,7B_811/2024,Abrecht,SP,Strafrecht,nicht eingetreten
559,8C_278/2026,Viscione,SVP,Öffentliches Recht,nicht eingetreten
563,5A_467/2026,Bovey,FDP,Zivilrecht,abgewiesen
564,5A_476/2026,Bovey,FDP,Zivilrecht,nicht eingetreten
565,5A_479/2026,Bovey,FDP,Zivilrecht,nicht eingetreten
566,5A_483/2026,Bovey,FDP,Zivilrecht,abgewiesen
567,5A_499/2026,Bovey,FDP,Zivilrecht,nicht eingetreten
568,5A_502/2026,Bovey,FDP,Zivilrecht,nicht eingetreten
569,5A_482/2026,Bovey,FDP,Zivilrecht,nicht eingetreten
570,8C_314/2026,Viscione,SVP,Öffentliches Recht,nicht eingetreten
571,1C_325/2026,Haag,GLP,Öffentliches Recht,nicht eingetreten
572,"1C_733/2025, 1C_734/2025, 1C_61/2026",Haag,GLP,Öffentliches Recht,gutgeheissen
573,"4D_40/2026, 4D_68/2026",Hurni,GLP,Subsidiäre Verfassungsbeschwerde,nicht eingetreten
574,1C_93/2025,Haag,GLP,Öffentliches Recht,abgewiesen
575,1C_748/2025,Haag,GLP,Öffentliches Recht,abgewiesen
576,1C_537/2025,Haag,GLP,Öffentliches Recht,nicht eingetreten
577,8C_484/2025,Viscione,SVP,Öffentliches Recht,gutgeheissen
578,1C_233/2026,Kneubühler,SP,Öffentliches Recht,nicht eingetreten
579,1C_771/2025,Kneubühler,SP,Öffentliches Recht,abgewiesen
57,6B_893/2025,von Felten,Die Mitte,Strafrecht,abgewiesen
580,2C_469/2025,Aubry Girardin,Grüne,Öffentliches Recht,abgewiesen
582,4D_76/2026,Hurni,GLP,Subsidiäre Verfassungsbeschwerde,nicht eingetreten
583,5A_219/2026,Bovey,FDP,Zivilrecht,nicht eingetreten
585,8C_727/2024,Viscione,SVP,Öffentliches Recht,teilweise gutgeheissen
586,9C_106/2025,Moser-Szeless,SVP,Öffentliches Recht,gutgeheissen
588,7B_1379/2024,Abrecht,SP,Strafrecht,nicht eingetreten
589,9C_89/2026,Moser-Szeless,SVP,Öffentliches Recht,abgewiesen
58,1C_204/2026,Haag,GLP,Öffentliches Recht,nicht eingetreten
590,9C_178/2026,Moser-Szeless,SVP,Öffentliches Recht,abgewiesen
591,2C_288/2026,Aubry Girardin,Grüne,Öffentliches Recht,nicht eingetreten
592,7B_1373/2024,Abrecht,SP,Strafrecht,abgewiesen
594,2D_9/2026,Aubry Girardin,Grüne,Subsidiäre Verfassungsbeschwerde,abgewiesen
595,4A_433/2025,Hurni,GLP,Zivilrecht,abgewiesen
596,8C_273/2026,Viscione,SVP,Öffentliches Recht,nicht eingetreten
597,8C_732/2025,Viscione,SVP,Öffentliches Recht,abgewiesen
599,8C_189/2026,Viscione,SVP,Öffentliches Recht,abgewiesen
59,6B_125/2026,Muschietti,FDP,Strafrecht,abgewiesen
5,8C_370/2026,Viscione,SVP,Öffentliches Recht,nicht eingetreten
600,8C_694/2025,Viscione,SVP,Öffentliches Recht,abgewiesen
601,9C_83/2026,Moser-Szeless,SVP,Öffentliches Recht,abgewiesen
602,9D_24/2025,Moser-Szeless,SVP,Subsidiäre Verfassungsbeschwerde,abgewiesen
603,2C_323/2026,Aubry Girardin,Grüne,Öffentliches Recht,nicht eingetreten
604,5A_456/2026,Bovey,FDP,Zivilrecht,nicht eingetreten
605,9D_8/2026,Moser-Szeless,SVP,Subsidiäre Verfassungsbeschwerde,nicht eingetreten
606,2C_289/2026,Aubry Girardin,Grüne,Öffentliches Recht,nicht eingetreten
607,4A_214/2026,Hurni,GLP,Zivilrecht,nicht eingetreten
608,5A_611/2025,Bovey,FDP,Zivilrecht,abgewiesen
609,5A_993/2025,Bovey,FDP,Zivilrecht,nicht eingetreten
60,6B_650/2024,Muschietti,FDP,Strafrecht,abgewiesen
610,5A_995/2025,Bovey,FDP,Zivilrecht,nicht eingetreten
611,7B_1077/2025,Abrecht,SP,Strafrecht,teilweise gutgeheissen
612,5A_351/2026,Bovey,FDP,Zivilrecht,nicht eingetreten
613,5A_352/2026,Bovey,FDP,Zivilrecht,nicht eingetreten
614,5A_353/2026,Bovey,FDP,Zivilrecht,nicht eingetreten
615,5A_354/2026,Bovey,FDP,Zivilrecht,nicht eingetreten
616,5A_355/2026,Bovey,FDP,Zivilrecht,nicht eingetreten
617,5A_356/2026,Bovey,FDP,Zivilrecht,nicht eingetreten
618,5A_439/2026,Bovey,FDP,Zivilrecht,nicht eingetreten
619,5A_453/2026,Bovey,FDP,Zivilrecht,abgeschrieben
61,6B_909/2025,Muschietti,FDP,Strafrecht,abgewiesen
620,5A_461/2026,Bovey,FDP,Zivilrecht,nicht eingetreten
621,5A_519/2026,Bovey,FDP,Zivilrecht,nicht eingetreten
622,2C_179/2026,Aubry Girardin,Grüne,Öffentliches Recht,abgewiesen
625,"4A_162/2025, 4A_176/2025",Hurni,GLP,Zivilrecht,abgewiesen
626,1C_342/2025,Haag,GLP,Öffentliches Recht,abgewiesen
627,2C_210/2025,Aubry Girardin,Grüne,Öffentliches Recht,abgewiesen
629,9C_241/2025,Moser-Szeless,SVP,Öffentliches Recht,abgewiesen
62,6B_976/2025,Muschietti,FDP,Strafrecht,teilweise gutgeheissen
631,2C_317/2025,Aubry Girardin,Grüne,Öffentliches Recht,abgewiesen
632,5A_333/2026,Bovey,FDP,Zivilrecht,abgewiesen
633,"5A_631/2024, 5A_643/2024",Bovey,FDP,Zivilrecht,abgewiesen
635,9C_44/2026,Moser-Szeless,SVP,Öffentliches Recht,nicht eingetreten
636,6B_174/2026,Muschietti,FDP,Strafrecht,abgewiesen
637,6B_248/2026,von Felten,Die Mitte,Strafrecht,nicht eingetreten
639,9C_325/2025,Moser-Szeless,SVP,Öffentliches Recht,abgewiesen
63,"6B_595/2025, 6B_620/2025",Muschietti,FDP,Strafrecht,abgewiesen
640,6B_226/2026,Muschietti,FDP,Strafrecht,abgewiesen
641,7B_1442/2024,Koch,SP,Strafrecht,abgewiesen
642,4A_643/2025,Hurni,GLP,Zivilrecht,nicht eingetreten
643,4D_49/2026,Hurni,GLP,Subsidiäre Verfassungsbeschwerde,nicht eingetreten
644,4D_51/2026,Hurni,GLP,Subsidiäre Verfassungsbeschwerde,nicht eingetreten
645,4D_53/2026,Hurni,GLP,Subsidiäre Verfassungsbeschwerde,nicht eingetreten
646,4D_55/2026,Hurni,GLP,Subsidiäre Verfassungsbeschwerde,nicht eingetreten
647,"6B_106/2025, 6B_114/2025, 6B_120/2025, 6B_125/2025",von Felten,Die Mitte,Strafrecht,teilweise gutgeheissen
648,8C_344/2025,Viscione,SVP,Öffentliches Recht,abgewiesen
649,2C_208/2026,Aubry Girardin,Grüne,Öffentliches Recht,nicht eingetreten
64,7B_1214/2025,Abrecht,SP,Strafrecht,abgewiesen
650,2D_12/2026,Aubry Girardin,Grüne,Subsidiäre Verfassungsbeschwerde,nicht eingetreten
651,6B_954/2025,Muschietti,FDP,Strafrecht,abgewiesen
654,8C_110/2026,Viscione,SVP,Öffentliches Recht,abgewiesen
655,8C_588/2025,Viscione,SVP,Öffentliches Recht,nicht eingetreten
656,9C_135/2026,Moser-Szeless,SVP,Öffentliches Recht,nicht eingetreten
657,5A_175/2025,Bovey,FDP,Zivilrecht,abgewiesen
658,7B_1331/2024,Abrecht,SP,Strafrecht,teilweise gutgeheissen
65,5A_1034/2025,Bovey,FDP,Zivilrecht,abgewiesen
661,"9C_29/2026, 9C_46/2026",Moser-Szeless,SVP,Öffentliches Recht,gutgeheissen
662,9C_90/2026,Moser-Szeless,SVP,Öffentliches Recht,abgewiesen
663,5A_381/2026,Bovey,FDP,Zivilrecht,nicht eingetreten
664,5A_392/2026,Bovey,FDP,Zivilrecht,nicht eingetreten
665,5A_393/2026,Bovey,FDP,Zivilrecht,nicht eingetreten
666,5A_394/2026,Bovey,FDP,Zivilrecht,nicht eingetreten
667,1D_21/2025,Müller,SVP,Subsidiäre Verfassungsbeschwerde,abgewiesen
668,7F_29/2026,Abrecht,SP,AndererBereich,nicht eingetreten
669,5A_128/2026,Bovey,FDP,Zivilrecht,abgewiesen
66,5A_474/2026,Bovey,FDP,Zivilrecht,nicht eingetreten
670,5A_517/2024,Bovey,FDP,Zivilrecht,teilweise gutgeheissen
671,6B_305/2026,von Felten,Die Mitte,Strafrecht,nicht eingetreten
672,5A_384/2026,Bovey,FDP,Zivilrecht,abgewiesen
673,5F_14/2026,Bovey,FDP,AndererBereich,nicht eingetreten
674,5A_391/2026,Bovey,FDP,Zivilrecht,nicht eingetreten
675,6B_683/2025,von Felten,Die Mitte,Strafrecht,abgewiesen
676,7B_440/2025,Abrecht,SP,Strafrecht,abgewiesen
677,6B_864/2025,Muschietti,FDP,Strafrecht,abgewiesen
678,6B_194/2026; 6B_195/2026,von Felten,Die Mitte,Strafrecht,nicht eingetreten
679,6B_292/2026,von Felten,Die Mitte,Strafrecht,nicht eingetreten
67,6B_328/2025,von Felten,Die Mitte,Strafrecht,abgewiesen
680,6B_726/2025,von Felten,Die Mitte,Strafrecht,nicht eingetreten
682,7B_384/2026,Abrecht,SP,Strafrecht,nicht eingetreten
683,8C_686/2025,Viscione,SVP,Öffentliches Recht,gutgeheissen
684,6B_36/2026,Muschietti,FDP,Strafrecht,teilweise gutgeheissen
685,2C_309/2026,Aubry Girardin,Grüne,Öffentliches Recht,nicht eingetreten
686,6B_66/2026,Muschietti,FDP,Strafrecht,teilweise gutgeheissen
687,6B_67/2026,Muschietti,FDP,Strafrecht,gutgeheissen
689,5A_399/2026,Bovey,FDP,Zivilrecht,nicht eingetreten
68,7B_1145/2025,Abrecht,SP,Strafrecht,abgewiesen
690,5A_4/2026,Bovey,FDP,Zivilrecht,nicht eingetreten
691,5F_19/2025,Bovey,FDP,AndererBereich,nicht eingetreten
692,5G_2/2025,Bovey,FDP,AndererBereich,nicht eingetreten
693,8C_307/2026,Viscione,SVP,Öffentliches Recht,nicht eingetreten
694,5A_305/2026,Bovey,FDP,Zivilrecht,nicht eingetreten
695,5A_383/2026,Bovey,FDP,Zivilrecht,nicht eingetreten
696,6G_2/2026,von Felten,Die Mitte,AndererBereich,nicht eingetreten
697,4A_156/2026,Hurni,GLP,Zivilrecht,nicht eingetreten
698,4A_128/2026,Hurni,GLP,Zivilrecht,nicht eingetreten
699,1C_619/2025,Haag,GLP,Öffentliches Recht,abgewiesen
69,8C_609/2025,Viscione,SVP,Öffentliches Recht,abgewiesen
6,8C_407/2026,Viscione,SVP,Öffentliches Recht,nicht eingetreten
700,4D_75/2026,Hurni,GLP,Subsidiäre Verfassungsbeschwerde,nicht eingetreten
701,1C_188/2026,Haag,GLP,Öffentliches Recht,nicht eingetreten
702,8C_3/2026,Viscione,SVP,Öffentliches Recht,teilweise gutgeheissen
704,4A_541/2025,Hurni,GLP,Zivilrecht,abgeschrieben
706,6B_1005/2025,Muschietti,FDP,Strafrecht,abgewiesen
707,8C_224/2026,Viscione,SVP,Öffentliches Recht,abgewiesen
70,6B_932/2025,Muschietti,FDP,Strafrecht,teilweise gutgeheissen
710,6B_1005/2024,von Felten,Die Mitte,Strafrecht,gutgeheissen
711,7B_528/2026,Abrecht,SP,Strafrecht,nicht eingetreten
712,1C_46/2025,Haag,GLP,Öffentliches Recht,abgewiesen
713,1C_47/2025,Haag,GLP,Öffentliches Recht,abgewiesen
714,1F_5/2026,Haag,GLP,AndererBereich,nicht eingetreten
715,5A_26/2025,Bovey,FDP,Zivilrecht,abgewiesen
716,6B_161/2026,von Felten,Die Mitte,Strafrecht,nicht eingetreten
717,6B_254/2025,Muschietti,FDP,Strafrecht,abgewiesen
718,6B_257/2025,Muschietti,FDP,Strafrecht,abgewiesen
719,6B_1010/2025,von Felten,Die Mitte,Strafrecht,nicht eingetreten
71,7F_23/2026,Abrecht,SP,AndererBereich,abgewiesen
720,6B_573/2024,Muschietti,FDP,Strafrecht,abgewiesen
721,6B_91/2026,Muschietti,FDP,Strafrecht,abgewiesen
722,2C_454/2025,Aubry Girardin,Grüne,Öffentliches Recht,abgewiesen
723,6B_898/2024,Muschietti,FDP,Strafrecht,teilweise gutgeheissen
724,"1C_178/2026, 1C_193/2026",Kneubühler,SP,Öffentliches Recht,nicht eingetreten
725,6B_280/2026,von Felten,Die Mitte,Strafrecht,nicht eingetreten
727,4A_149/2026,Hurni,GLP,Zivilrecht,nicht eingetreten
728,7B_333/2024,Koch,SP,Strafrecht,abgewiesen
729,2C_290/2026,Aubry Girardin,Grüne,Öffentliches Recht,nicht eingetreten
730,6B_113/2026,Muschietti,FDP,Strafrecht,abgewiesen
731,6B_577/2025,Muschietti,FDP,Strafrecht,abgewiesen
732,6B_852/2025,Muschietti,FDP,Strafrecht,abgewiesen
734,4A_291/2025,Hurni,GLP,Zivilrecht,gutgeheissen
735,4A_166/2026,Kiss,FDP,Zivilrecht,abgewiesen
736,2C_229/2026,Aubry Girardin,Grüne,Öffentliches Recht,nicht eingetreten
737,2C_59/2026,Aubry Girardin,Grüne,Öffentliches Recht,abgewiesen
738,5A_111/2025,Bovey,FDP,Zivilrecht,abgewiesen
739,2C_252/2026,Aubry Girardin,Grüne,Öffentliches Recht,nicht eingetreten
73,1C_626/2025,Haag,GLP,Öffentliches Recht,teilweise gutgeheissen
740,1C_278/2026,Müller,SVP,Öffentliches Recht,nicht eingetreten
741,7B_586/2026,Abrecht,SP,Strafrecht,gutgeheissen
742,6B_619/2024,Muschietti,FDP,Strafrecht,abgewiesen
743,6B_622/2024,Muschietti,FDP,Strafrecht,teilweise gutgeheissen
744,6B_284/2025,Muschietti,FDP,Strafrecht,abgewiesen
745,6B_165/2026,Muschietti,FDP,Strafrecht,abgewiesen
746,5A_826/2025,Bovey,FDP,Zivilrecht,abgewiesen
747,5A_846/2025,Bovey,FDP,Zivilrecht,abgewiesen
748,5A_1019/2025,Bovey,FDP,Zivilrecht,abgewiesen
749,6B_456/2024,von Felten,Die Mitte,Strafrecht,abgewiesen
74,7B_143/2026,Abrecht,SP,Strafrecht,gutgeheissen
750,5A_782/2025,Bovey,FDP,Zivilrecht,abgewiesen
751,2C_731/2025,Aubry Girardin,Grüne,Öffentliches Recht,abgewiesen
752,6B_412/2024,von Felten,Die Mitte,Strafrecht,abgewiesen
753,6F_3/2026,von Felten,Die Mitte,AndererBereich,nicht eingetreten
754,8C_703/2025,Viscione,SVP,Öffentliches Recht,gutgeheissen
755,1C_242/2026,Haag,GLP,Öffentliches Recht,nicht eingetreten
756,5A_779/2025,Bovey,FDP,Zivilrecht,teilweise gutgeheissen
757,9C_309/2025,Moser-Szeless,SVP,Öffentliches Recht,abgewiesen
758,7B_247/2026,Abrecht,SP,Strafrecht,nicht eingetreten
75,8C_417/2026,Viscione,SVP,Öffentliches Recht,abgeschrieben
760,2C_28/2025,Aubry Girardin,Grüne,Öffentliches Recht,gutgeheissen
761,2C_30/2025,Aubry Girardin,Grüne,Öffentliches Recht,gutgeheissen
762,7B_1184/2025,Koch,SP,Strafrecht,gutgeheissen
763,5A_1096/2025,Bovey,FDP,Zivilrecht,abgeschrieben
764,5A_119/2026,Bovey,FDP,Zivilrecht,abgewiesen
765,5A_867/2025,Bovey,FDP,Zivilrecht,abgewiesen
766,5A_955/2025,Bovey,FDP,Zivilrecht,abgewiesen
767,5D_55/2025,Bovey,FDP,Subsidiäre Verfassungsbeschwerde,nicht eingetreten
768,9F_28/2025,Moser-Szeless,SVP,AndererBereich,nicht eingetreten
769,8C_27/2026,Viscione,SVP,Öffentliches Recht,gutgeheissen
76,"6B_657/2024, 6B_662/2024",Muschietti,FDP,Strafrecht,gutgeheissen
770,9C_185/2026,Moser-Szeless,SVP,Öffentliches Recht,abgewiesen
771,5A_1094/2025,Bovey,FDP,Zivilrecht,abgewiesen
772,5A_437/2026,Bovey,FDP,Zivilrecht,nicht eingetreten
773,5A_18/2026,Bovey,FDP,Zivilrecht,abgewiesen
774,5A_263/2026,Bovey,FDP,Zivilrecht,abgewiesen
775,9C_302/2026,Moser-Szeless,SVP,Öffentliches Recht,nicht eingetreten
776,9C_303/2026,Moser-Szeless,SVP,Öffentliches Recht,nicht eingetreten
777,"1C_172/2026, 1C_243/2026",Müller,SVP,Öffentliches Recht,nicht eingetreten
778,2C_698/2025,Aubry Girardin,Grüne,Öffentliches Recht,nicht eingetreten
779,5A_358/2026,Bovey,FDP,Zivilrecht,nicht eingetreten
77,7B_222/2026,Abrecht,SP,Strafrecht,nicht eingetreten
780,5A_360/2026,Bovey,FDP,Zivilrecht,nicht eingetreten
781,4A_51/2026,Hurni,GLP,Zivilrecht,abgeschrieben
782,7B_1006/2023,Abrecht,SP,Strafrecht,gutgeheissen
783,8C_304/2026,Viscione,SVP,Öffentliches Recht,nicht eingetreten
784,7F_25/2026,Abrecht,SP,AndererBereich,nicht eingetreten
785,5A_397/2026,Bovey,FDP,Zivilrecht,nicht eingetreten
786,5A_452/2026,Bovey,FDP,Zivilrecht,nicht eingetreten
788,5A_249/2026,Bovey,FDP,Zivilrecht,nicht eingetreten
789,4A_24/2026,Hurni,GLP,Zivilrecht,abgewiesen
78,7B_285/2026,Abrecht,SP,Strafrecht,nicht eingetreten
790,4A_480/2025,Hurni,GLP,Zivilrecht,gutgeheissen
791,4A_440/2025,Hurni,GLP,Zivilrecht,nicht eingetreten
792,4A_396/2025,Hurni,GLP,Zivilrecht,gutgeheissen
793,6B_739/2025,von Felten,Die Mitte,Strafrecht,abgewiesen
794,4A_34/2026,Hurni,GLP,Zivilrecht,abgewiesen
795,4A_444/2025,Hurni,GLP,Zivilrecht,abgewiesen
796,6B_28/2026,Muschietti,FDP,Strafrecht,abgewiesen
797,6B_689/2025,von Felten,Die Mitte,Strafrecht,abgewiesen
798,4A_402/2025,Hurni,GLP,Zivilrecht,abgewiesen
799,4A_22/2026,Kiss,FDP,Zivilrecht,abgewiesen
79,9C_385/2026,Moser-Szeless,SVP,Öffentliches Recht,nicht eingetreten
7,1C_397/2024,Haag,GLP,Öffentliches Recht,nicht eingetreten
800,7B_793/2025,Abrecht,SP,Strafrecht,abgewiesen
801,5D_17/2026,Bovey,FDP,Subsidiäre Verfassungsbeschwerde,nicht eingetreten
802,2C_642/2025,Aubry Girardin,Grüne,Öffentliches Recht,abgewiesen
803,2C_96/2026,Aubry Girardin,Grüne,Öffentliches Recht,abgewiesen
804,1C_219/2026,Kneubühler,SP,Öffentliches Recht,nicht eingetreten
805,1C_220/2026,Kneubühler,SP,Öffentliches Recht,nicht eingetreten
806,1C_374/2025,Kneubühler,SP,Öffentliches Recht,abgewiesen
807,5A_265/2026,Bovey,FDP,Zivilrecht,abgewiesen
808,9C_8/2026,Moser-Szeless,SVP,Öffentliches Recht,abgewiesen
809,6B_583/2025,von Felten,Die Mitte,Strafrecht,teilweise gutgeheissen
80,9C_386/2026,Moser-Szeless,SVP,Öffentliches Recht,nicht eingetreten
810,4A_9/2026,Hurni,GLP,Zivilrecht,abgewiesen
811,5A_58/2025,Bovey,FDP,Zivilrecht,abgewiesen
812,4A_217/2026,Hurni,GLP,Zivilrecht,nicht eingetreten
813,5A_431/2026,Bovey,FDP,Zivilrecht,nicht eingetreten
814,5A_432/2026,Bovey,FDP,Zivilrecht,nicht eingetreten
815,5A_433/2026,Bovey,FDP,Zivilrecht,nicht eingetreten
816,5A_435/2026,Bovey,FDP,Zivilrecht,abgewiesen
817,5A_442/2026,Bovey,FDP,Zivilrecht,nicht eingetreten
818,5A_443/2026,Bovey,FDP,Zivilrecht,nicht eingetreten
819,5D_18/2026,Bovey,FDP,Subsidiäre Verfassungsbeschwerde,nicht eingetreten
81,5A_454/2026,Bovey,FDP,Zivilrecht,nicht eingetreten
820,9C_231/2026,Moser-Szeless,SVP,Öffentliches Recht,nicht eingetreten
822,8C_332/2026,Viscione,SVP,Öffentliches Recht,nicht eingetreten
823,8C_352/2026,Viscione,SVP,Öffentliches Recht,nicht eingetreten
824,5A_459/2026,Bovey,FDP,Zivilrecht,nicht eingetreten
825,1C_296/2026,Haag,GLP,Öffentliches Recht,nicht eingetreten
826,7B_121/2026,Abrecht,SP,Strafrecht,abgewiesen
827,8C_689/2025,Viscione,SVP,Öffentliches Recht,abgewiesen
82,5A_523/2026,Bovey,FDP,Zivilrecht,nicht eingetreten
830,9C_104/2026,Moser-Szeless,SVP,Öffentliches Recht,abgewiesen
831,9C_366/2025,Moser-Szeless,SVP,Öffentliches Recht,gutgeheissen
832,2C_177/2026,Aubry Girardin,Grüne,Öffentliches Recht,nicht eingetreten
833,2D_11/2026,Aubry Girardin,Grüne,Subsidiäre Verfassungsbeschwerde,nicht eingetreten
834,4A_192/2026,Hurni,GLP,Zivilrecht,nicht eingetreten
835,7F_19/2026,Abrecht,SP,AndererBereich,nicht eingetreten
836,8C_294/2026,Viscione,SVP,Öffentliches Recht,nicht eingetreten
837,8C_295/2026,Viscione,SVP,Öffentliches Recht,nicht eingetreten
838,8C_705/2025,Viscione,SVP,Öffentliches Recht,abgewiesen
839,8C_85/2026,Viscione,SVP,Öffentliches Recht,abgewiesen
83,5D_23/2026,Bovey,FDP,Subsidiäre Verfassungsbeschwerde,nicht eingetreten
840,9F_11/2026,Moser-Szeless,SVP,AndererBereich,abgewiesen
841,5A_458/2026,Bovey,FDP,Zivilrecht,nicht eingetreten
842,7B_450/2025,Abrecht,SP,Strafrecht,gutgeheissen
843,7B_537/2026,Abrecht,SP,Strafrecht,gutgeheissen
844,8C_349/2026,Viscione,SVP,Öffentliches Recht,nicht eingetreten
845,1C_371/2024,Haag,GLP,Öffentliches Recht,abgewiesen
846,1C_97/2026,Haag,GLP,Öffentliches Recht,nicht eingetreten
847,2C_87/2026,Aubry Girardin,Grüne,Öffentliches Recht,abgewiesen
848,4D_62/2026,Hurni,GLP,Subsidiäre Verfassungsbeschwerde,nicht eingetreten
849,4D_34/2026,Hurni,GLP,Subsidiäre Verfassungsbeschwerde,nicht eingetreten
84,6B_158/2026,Muschietti,FDP,Strafrecht,abgeschrieben
850,7B_1347/2025,Abrecht,SP,Strafrecht,abgewiesen
851,6B_1205/2023,Muschietti,FDP,Strafrecht,abgewiesen
852,1C_194/2024,Haag,GLP,Öffentliches Recht,abgewiesen
853,1C_64/2024,Haag,GLP,Öffentliches Recht,teilweise gutgeheissen
854,1C_80/2024,Haag,GLP,Öffentliches Recht,teilweise gutgeheissen
855,4A_162/2026,Hurni,GLP,Zivilrecht,nicht eingetreten
856,4A_40/2026,Hurni,GLP,Zivilrecht,nicht eingetreten
857,4D_59/2026,Hurni,GLP,Subsidiäre Verfassungsbeschwerde,nicht eingetreten
858,4F_2/2026,Hurni,GLP,AndererBereich,nicht eingetreten
859,9C_173/2025,Moser-Szeless,SVP,Öffentliches Recht,teilweise gutgeheissen
85,2C_47/2025,Aubry Girardin,Grüne,Öffentliches Recht,abgewiesen
860,6B_212/2026,von Felten,Die Mitte,Strafrecht,nicht eingetreten
861,4A_154/2026,Hurni,GLP,Zivilrecht,nicht eingetreten
863,8C_279/2026,Viscione,SVP,Öffentliches Recht,nicht eingetreten
864,2C_384/2025,Aubry Girardin,Grüne,Öffentliches Recht,nicht eingetreten
865,7B_1050/2024,Abrecht,SP,Strafrecht,abgewiesen
867,9F_7/2026,Moser-Szeless,SVP,AndererBereich,abgewiesen
868,9F_8/2026,Moser-Szeless,SVP,AndererBereich,abgewiesen
869,8C_45/2026,Viscione,SVP,Öffentliches Recht,nicht eingetreten
86,"1C_563/2025, 1C_566/2025, 1C_570/2025,",Haag,GLP,Öffentliches Recht,nicht eingetreten
870,8C_201/2026,Viscione,SVP,Öffentliches Recht,abgewiesen
872,7B_320/2025,Koch,SP,Strafrecht,gutgeheissen
873,7B_322/2026,Abrecht,SP,Strafrecht,nicht eingetreten
874,9C_262/2026,Moser-Szeless,SVP,Öffentliches Recht,nicht eingetreten
875,7B_436/2026,Abrecht,SP,Strafrecht,nicht eingetreten
876,9C_270/2026,Moser-Szeless,SVP,Öffentliches Recht,nicht eingetreten
877,9C_325/2026,Moser-Szeless,SVP,Öffentliches Recht,nicht eingetreten
878,9C_246/2026,Moser-Szeless,SVP,Öffentliches Recht,abgewiesen
879,1C_295/2026,Müller,SVP,Öffentliches Recht,nicht eingetreten
87,4A_236/2024,Hurni,GLP,Zivilrecht,nicht eingetreten
880,1C_579/2025,Haag,GLP,Öffentliches Recht,abgewiesen
881,1C_341/2025,Haag,GLP,Öffentliches Recht,gutgeheissen
882,1C_183/2026,Haag,GLP,Öffentliches Recht,nicht eingetreten
883,7B_1258/2025,Abrecht,SP,Strafrecht,gutgeheissen
884,7B_1310/2025,Abrecht,SP,Strafrecht,abgewiesen
885,1C_222/2026,Haag,GLP,Öffentliches Recht,nicht eingetreten
886,1C_211/2026,Haag,GLP,Öffentliches Recht,nicht eingetreten
887,8C_213/2025,Viscione,SVP,Öffentliches Recht,abgewiesen
888,6B_146/2026,Muschietti,FDP,Strafrecht,abgewiesen
889,1C_210/2026,Müller,SVP,Öffentliches Recht,nicht eingetreten
88,4A_310/2024,Hurni,GLP,Zivilrecht,abgewiesen
890,7B_1349/2025,Abrecht,SP,Strafrecht,abgewiesen
891,7B_1168/2025,Koch,SP,Strafrecht,nicht eingetreten
892,8C_702/2025,Viscione,SVP,Öffentliches Recht,nicht eingetreten
893,1C_206/2026,Kneubühler,SP,Öffentliches Recht,abgewiesen
894,9C_137/2026,Moser-Szeless,SVP,Öffentliches Recht,nicht eingetreten
895,8C_681/2025,Viscione,SVP,Öffentliches Recht,gutgeheissen
896,8F_5/2026,Viscione,SVP,AndererBereich,abgeschrieben
897,9C_224/2026,Moser-Szeless,SVP,Öffentliches Recht,abgewiesen
898,8C_240/2026,Viscione,SVP,Öffentliches Recht,nicht eingetreten
899,2C_286/2026,Aubry Girardin,Grüne,Öffentliches Recht,nicht eingetreten
89,1C_580/2024,Kneubühler,SP,Öffentliches Recht,gutgeheissen
8,5A_562/2026,Bovey,FDP,Zivilrecht,nicht eingetreten
901,9D_5/2026,Moser-Szeless,SVP,Subsidiäre Verfassungsbeschwerde,nicht eingetreten
902,7B_1144/2025,Abrecht,SP,Strafrecht,gutgeheissen
903,4D_77/2026,Hurni,GLP,Subsidiäre Verfassungsbeschwerde,abgeschrieben
904,1C_260/2026,Kneubühler,SP,Öffentliches Recht,abgewiesen
905,5A_434/2026,Bovey,FDP,Zivilrecht,abgewiesen
906,7B_363/2026,Abrecht,SP,Strafrecht,nicht eingetreten
907,7B_401/2026,Abrecht,SP,Strafrecht,abgeschrieben
908,2C_334/2024,Aubry Girardin,Grüne,Öffentliches Recht,abgeschrieben
909,2C_133/2026,Aubry Girardin,Grüne,Öffentliches Recht,abgewiesen
90,6B_856/2025,Muschietti,FDP,Strafrecht,abgewiesen
910,5A_683/2024,Bovey,FDP,Zivilrecht,abgewiesen
911,5A_684/2024,Bovey,FDP,Zivilrecht,gutgeheissen
912,1C_153/2026,Haag,GLP,Öffentliches Recht,abgewiesen
913,5A_162/2025,Bovey,FDP,Zivilrecht,gutgeheissen
914,8C_262/2025,Viscione,SVP,Öffentliches Recht,abgewiesen
915,4A_43/2026,Hurni,GLP,Zivilrecht,teilweise gutgeheissen
916,4D_67/2026,Hurni,GLP,Subsidiäre Verfassungsbeschwerde,nicht eingetreten
917,5A_217/2026,Bovey,FDP,Zivilrecht,abgewiesen
918,1C_207/2026,Haag,GLP,Öffentliches Recht,nicht eingetreten
919,"6B_533/2024, 6B_539/2024, 6B_540/2024",Muschietti,FDP,Strafrecht,abgewiesen
91,2C_586/2025,Donzallaz,parteilos (ex SVP),Öffentliches Recht,gutgeheissen
920,2C_257/2026,Aubry Girardin,Grüne,Öffentliches Recht,nicht eingetreten
921,1C_196/2026,Kneubühler,SP,Öffentliches Recht,nicht eingetreten
922,7B_211/2025,Abrecht,SP,Strafrecht,gutgeheissen
923,9C_203/2026,Moser-Szeless,SVP,Öffentliches Recht,nicht eingetreten
924,1C_238/2026,Kneubühler,SP,Öffentliches Recht,nicht eingetreten
925,1C_258/2026,Kneubühler,SP,Öffentliches Recht,nicht eingetreten
926,8C_255/2025,Viscione,SVP,Öffentliches Recht,gutgeheissen
927,2C_264/2026,Aubry Girardin,Grüne,Öffentliches Recht,nicht eingetreten
928,5A_460/2026,Bovey,FDP,Zivilrecht,nicht eingetreten
929,4A_347/2025,Hurni,GLP,Zivilrecht,teilweise gutgeheissen
92,8C_8/2026,Viscione,SVP,Öffentliches Recht,abgewiesen
930,4A_648/2025,Kiss,FDP,Zivilrecht,abgewiesen
931,6B_519/2025,von Felten,Die Mitte,Strafrecht,abgewiesen
932,6B_1213/2023,Muschietti,FDP,Strafrecht,teilweise gutgeheissen
933,6B_1274/2023,Muschietti,FDP,Strafrecht,teilweise gutgeheissen
934,6B_950/2025,Muschietti,FDP,Strafrecht,teilweise gutgeheissen
935,8C_72/2026,Viscione,SVP,Öffentliches Recht,gutgeheissen
936,6B_723/2025,Muschietti,FDP,Strafrecht,gutgeheissen
937,2C_506/2024,Aubry Girardin,Grüne,Öffentliches Recht,abgewiesen
938,2C_464/2025,Aubry Girardin,Grüne,Öffentliches Recht,abgewiesen
939,6B_145/2026,von Felten,Die Mitte,Strafrecht,abgewiesen
93,9C_54/2026,Moser-Szeless,SVP,Öffentliches Recht,abgewiesen
940,6B_329/2025,Muschietti,FDP,Strafrecht,abgewiesen
941,6B_746/2025,Muschietti,FDP,Strafrecht,abgewiesen
942,6B_985/2025,Muschietti,FDP,Strafrecht,abgewiesen
943,5A_1077/2025,Bovey,FDP,Zivilrecht,nicht eingetreten
944,5A_476/2025,Bovey,FDP,Zivilrecht,teilweise gutgeheissen
945,5F_2/2026,Bovey,FDP,AndererBereich,abgewiesen
946,"6B_110/2026, 6B_112/2026",Muschietti,FDP,Strafrecht,gutgeheissen
947,6B_45/2026,Muschietti,FDP,Strafrecht,abgewiesen
948,9C_137/2025,Moser-Szeless,SVP,Öffentliches Recht,teilweise gutgeheissen
949,9C_617/2025,Moser-Szeless,SVP,Öffentliches Recht,nicht eingetreten
94,4A_219/2026,Hurni,GLP,Zivilrecht,nicht eingetreten
950,9C_697/2025,Moser-Szeless,SVP,Öffentliches Recht,nicht eingetreten
951,6B_83/2026,von Felten,Die Mitte,Strafrecht,nicht eingetreten
952,8C_554/2025,Viscione,SVP,Öffentliches Recht,abgewiesen
953,5A_954/2025,Bovey,FDP,Zivilrecht,nicht eingetreten
954,6B_138/2026,Muschietti,FDP,Strafrecht,abgewiesen
956,7B_1106/2025,Abrecht,SP,Strafrecht,abgewiesen
957,2C_231/2026,Aubry Girardin,Grüne,Öffentliches Recht,nicht eingetreten
958,5A_204/2026,Bovey,FDP,Zivilrecht,abgewiesen
959,8C_247/2026,Viscione,SVP,Öffentliches Recht,nicht eingetreten
95,4A_221/2026,Hurni,GLP,Zivilrecht,nicht eingetreten
960,2C_260/2026,Aubry Girardin,Grüne,Öffentliches Recht,nicht eingetreten
961,5A_107/2026,Bovey,FDP,Zivilrecht,abgewiesen
962,5A_336/2026,Bovey,FDP,Zivilrecht,abgewiesen
963,5A_16/2025,Bovey,FDP,Zivilrecht,abgewiesen
964,5A_975/2025,Bovey,FDP,Zivilrecht,nicht eingetreten
965,5A_271/2026,Bovey,FDP,Zivilrecht,nicht eingetreten
966,5A_298/2026,Bovey,FDP,Zivilrecht,nicht eingetreten
967,"6B_942/2024, 6B_943/2024, 6B_944/2024, 6B_948/2024",Muschietti,FDP,Strafrecht,abgewiesen
968,1C_354/2025,Haag,GLP,Öffentliches Recht,abgewiesen
969,2C_305/2025,Aubry Girardin,Grüne,Öffentliches Recht,abgewiesen
96,"9C_315/2026, 9C_316/2026",Moser-Szeless,SVP,Öffentliches Recht,nicht eingetreten
970,1C_506/2025,Haag,GLP,Öffentliches Recht,nicht eingetreten
971,2C_520/2025,Aubry Girardin,Grüne,Öffentliches Recht,abgewiesen
973,5A_648/2025,Bovey,FDP,Zivilrecht,nicht eingetreten
974,1C_631/2025,Haag,GLP,Öffentliches Recht,abgewiesen
975,7B_230/2024,Abrecht,SP,Strafrecht,nicht eingetreten
976,8C_503/2024,Viscione,SVP,Öffentliches Recht,teilweise gutgeheissen
977,6B_180/2026,von Felten,Die Mitte,Strafrecht,nicht eingetreten
979,9C_247/2025,Moser-Szeless,SVP,Öffentliches Recht,gutgeheissen
97,9C_322/2025,Moser-Szeless,SVP,Öffentliches Recht,teilweise gutgeheissen
980,1C_227/2026,Haag,GLP,Öffentliches Recht,nicht eingetreten
981,1C_573/2024,Haag,GLP,Öffentliches Recht,gutgeheissen
982,7B_290/2026,Abrecht,SP,Strafrecht,nicht eingetreten
983,6B_832/2025,Muschietti,FDP,Strafrecht,abgewiesen
985,2C_244/2026,Aubry Girardin,Grüne,Öffentliches Recht,nicht eingetreten
986,9C_272/2026,Moser-Szeless,SVP,Öffentliches Recht,nicht eingetreten
988,8C_289/2026,Viscione,SVP,Öffentliches Recht,nicht eingetreten
989,9C_256/2026,Moser-Szeless,SVP,Öffentliches Recht,nicht eingetreten
98,4D_230/2025,Hurni,GLP,Subsidiäre Verfassungsbeschwerde,gutgeheissen
990,5A_388/2026,Bovey,FDP,Zivilrecht,nicht eingetreten
991,5A_395/2026,Bovey,FDP,Zivilrecht,nicht eingetreten
992,5A_400/2026,Bovey,FDP,Zivilrecht,nicht eingetreten
993,5A_403/2026,Bovey,FDP,Zivilrecht,nicht eingetreten
994,5A_412/2026,Bovey,FDP,Zivilrecht,nicht eingetreten
995,5A_413/2026,Bovey,FDP,Zivilrecht,nicht eingetreten
996,7B_1117/2025,Koch,SP,Strafrecht,abgewiesen
997,7B_494/2026,Abrecht,SP,Strafrecht,abgeschrieben
998,5A_414/2026,Bovey,FDP,Zivilrecht,nicht eingetreten
999,6B_239/2026,von Felten,Die Mitte,Strafrecht,abgeschrieben
99,7B_1354/2025,Koch,SP,Strafrecht,abgewiesen
9,5A_563/2026,Bovey,FDP,Zivilrecht,nicht eingetreten
100,7B_245/2026,Kölz,Grüne,Strafrecht,gutgeheissen
101,6B_975/2025,Donzallaz,parteilos (ex SVP),Strafrecht,teilweise gutgeheissen
102,"6B_845/2025, 6B_846/2025",von Felten,Die Mitte,Strafrecht,gutgeheissen
103,7B_155/2026,van de Graaf,SVP,Strafrecht,teilweise gutgeheissen
104,7B_49/2026,van de Graaf,SVP,Strafrecht,abgewiesen
106,6F_7/2026,Wohlhauser,SP,AndererBereich,nicht eingetreten
107,8C_343/2026,Métral,Grüne,Öffentliches Recht,nicht eingetreten
108,5A_596/2026,Hartmann,Grüne,Zivilrecht,abgewiesen
114,1C_128/2026,Chaix,FDP,Öffentliches Recht,abgewiesen
115,7B_612/2024,van de Graaf,SVP,Strafrecht,abgewiesen
116,5A_737/2025,Hartmann,Grüne,Zivilrecht,abgewiesen
117,7B_736/2026,Koch,SP,Strafrecht,nicht eingetreten
118,9C_498/2025,Stadelmann,Die Mitte,Öffentliches Recht,abgewiesen
119,7B_1326/2024,Koch,SP,Strafrecht,abgewiesen
121,8C_343/2025,Maillard,Die Mitte,Öffentliches Recht,teilweise gutgeheissen
122,9C_374/2025,Stadelmann,Die Mitte,Öffentliches Recht,abgewiesen
123,5A_683/2025,Hartmann,Grüne,Zivilrecht,gutgeheissen
124,5F_19/2026,Hartmann,Grüne,AndererBereich,abgewiesen
128,9C_630/2025,Parrino,SP,Öffentliches Recht,nicht eingetreten
129,7B_765/2026,Koch,SP,Strafrecht,nicht eingetreten
132,5A_129/2026,Hartmann,Grüne,Zivilrecht,abgewiesen
134,5A_882/2025,Josi,SVP,Zivilrecht,abgeschrieben
135,1C_356/2026,Kneubühler,SP,Öffentliches Recht,nicht eingetreten
136,9C_532/2025,Parrino,SP,Öffentliches Recht,abgewiesen
13,6B_432/2025,von Felten,Die Mitte,Strafrecht,gutgeheissen
146,7B_440/2026,Koch,SP,Strafrecht,nicht eingetreten
147,7B_607/2026,Koch,SP,Strafrecht,nicht eingetreten
149,2C_142/2026,Donzallaz,parteilos (ex SVP),Öffentliches Recht,abgewiesen
14,7B_707/2026,Kölz,Grüne,Strafrecht,teilweise gutgeheissen
150,8C_140/2026,Heine,SVP,Öffentliches Recht,gutgeheissen
151,7B_307/2026,Koch,SP,Strafrecht,nicht eingetreten
153,1C_722/2025,Chaix,FDP,Öffentliches Recht,abgewiesen
156,9C_208/2025,Stadelmann,Die Mitte,Öffentliches Recht,abgewiesen
157,7B_926/2025,Koch,SP,Strafrecht,abgewiesen
158,9C_362/2025,Stadelmann,Die Mitte,Öffentliches Recht,abgewiesen
160,1C_362/2025,Kneubühler,SP,Öffentliches Recht,abgewiesen
161,7B_110/2025,van de Graaf,SVP,Strafrecht,teilweise gutgeheissen
165,8C_490/2024,Heine,SVP,Öffentliches Recht,abgewiesen
166,8C_675/2025,Heine,SVP,Öffentliches Recht,abgewiesen
167,9C_235/2026,Beusch,SP,Öffentliches Recht,nicht eingetreten
168,9C_310/2025,Parrino,SP,Öffentliches Recht,abgewiesen
169,9C_600/2025,Parrino,SP,Öffentliches Recht,teilweise gutgeheissen
16,5A_1078/2025,Herrmann,SVP,Zivilrecht,abgewiesen
170,8C_113/2026,Scherrer Reber,FDP,Öffentliches Recht,abgewiesen
171,8C_676/2025,Maillard,Die Mitte,Öffentliches Recht,abgewiesen
172,9C_280/2026,Beusch,SP,Öffentliches Recht,abgewiesen
174,4A_528/2025,Kiss,FDP,Zivilrecht,abgewiesen
175,1C_146/2025,Chaix,FDP,Öffentliches Recht,gutgeheissen
176,6B_807/2025,Kradolfer,FDP,Strafrecht,gutgeheissen
177,8C_535/2025,Scherrer Reber,FDP,Öffentliches Recht,teilweise gutgeheissen
178,4A_513/2025,Kiss,FDP,Zivilrecht,abgewiesen
179,5A_842/2025,Herrmann,SVP,Zivilrecht,abgewiesen
17,7B_570/2026,Koch,SP,Strafrecht,nicht eingetreten
180,7B_1111/2025,van de Graaf,SVP,Strafrecht,abgewiesen
181,4A_479/2025,Kiss,FDP,Zivilrecht,abgewiesen
182,8F_4/2026,Maillard,Die Mitte,AndererBereich,nicht eingetreten
183,6B_359/2024,von Felten,Die Mitte,Strafrecht,teilweise gutgeheissen
184,6B_870/2025,Rüedi,SVP,Strafrecht,abgewiesen
185,5A_183/2026,Herrmann,SVP,Zivilrecht,gutgeheissen
186,6B_155/2026,Rüedi,SVP,Strafrecht,abgewiesen
187,6B_51/2026,Rüedi,SVP,Strafrecht,abgewiesen
188,8C_527/2025,Maillard,Die Mitte,Öffentliches Recht,abgewiesen
189,6B_459/2025,Guidon,SVP,Strafrecht,abgewiesen
18,6B_720/2025,Wohlhauser,SP,Strafrecht,abgewiesen
190,7B_482/2026,Koch,SP,Strafrecht,nicht eingetreten
191,7B_673/2026,Koch,SP,Strafrecht,nicht eingetreten
193,"9C_533/2024, 9C_540/2024",Parrino,SP,Öffentliches Recht,gutgeheissen
195,6B_200/2026,Wohlhauser,SP,Strafrecht,gutgeheissen
196,6B_214/2026,Wohlhauser,SP,Strafrecht,abgewiesen
197,6B_947/2025,Muschietti,FDP,Strafrecht,abgewiesen
198,7B_118/2026,van de Graaf,SVP,Strafrecht,teilweise gutgeheissen
199,7B_566/2026,Koch,SP,Strafrecht,nicht eingetreten
19,6B_168/2026,Wohlhauser,SP,Strafrecht,abgewiesen
1,1C_85/2026,Kneubühler,SP,Öffentliches Recht,abgewiesen
200,7B_650/2026,van de Graaf,SVP,Strafrecht,gutgeheissen
201,8C_170/2026,Maillard,Die Mitte,Öffentliches Recht,teilweise gutgeheissen
203,8C_235/2026,Scherrer Reber,FDP,Öffentliches Recht,gutgeheissen
204,8C_365/2025,Métral,Grüne,Öffentliches Recht,gutgeheissen
205,5A_545/2026,Hartmann,Grüne,Zivilrecht,nicht eingetreten
206,7B_588/2026,van de Graaf,SVP,Strafrecht,gutgeheissen
207,7B_708/2026,Koch,SP,Strafrecht,gutgeheissen
208,7B_709/2026,Koch,SP,Strafrecht,nicht eingetreten
20,6B_945/2025,Donzallaz,parteilos (ex SVP),Strafrecht,abgewiesen
214,1G_1/2026,Müller,SVP,AndererBereich,abgewiesen
215,2C_212/2025,Donzallaz,parteilos (ex SVP),Öffentliches Recht,abgewiesen
216,5A_1008/2025,De Rossa,SP,Zivilrecht,abgewiesen
217,5A_1105/2025,Hartmann,Grüne,Zivilrecht,abgewiesen
218,5A_140/2026,De Rossa,SP,Zivilrecht,abgewiesen
219,1C_55/2026,Weber,FDP,Öffentliches Recht,abgeschrieben
21,7B_1279/2025,van de Graaf,SVP,Strafrecht,abgewiesen
220,8C_701/2025,Maillard,Die Mitte,Öffentliches Recht,abgewiesen
221,4A_156/2025,Kiss,FDP,Zivilrecht,gutgeheissen
222,7B_1318/2024,Kölz,Grüne,Strafrecht,abgewiesen
223,7B_78/2025,van de Graaf,SVP,Strafrecht,nicht eingetreten
224,9C_697/2024,Stadelmann,Die Mitte,Öffentliches Recht,gutgeheissen
226,9C_213/2026,Stadelmann,Die Mitte,Öffentliches Recht,abgewiesen
227,6B_198/2026,Donzallaz,parteilos (ex SVP),Strafrecht,teilweise gutgeheissen
228,9C_547/2025,Parrino,SP,Öffentliches Recht,teilweise gutgeheissen
230,9C_652/2025,Stadelmann,Die Mitte,Öffentliches Recht,abgewiesen
233,5A_323/2026,Hartmann,Grüne,Zivilrecht,abgewiesen
234,9C_538/2024,Stadelmann,Die Mitte,Öffentliches Recht,teilweise gutgeheissen
235,7B_1105/2025,van de Graaf,SVP,Strafrecht,nicht eingetreten
236,9F_10/2026,Parrino,SP,AndererBereich,nicht eingetreten
238,5A_991/2025,Hartmann,Grüne,Zivilrecht,abgeschrieben
239,6B_791/2025,Wohlhauser,SP,Strafrecht,teilweise gutgeheissen
23,5A_1120/2025,Hartmann,Grüne,Zivilrecht,abgewiesen
242,9F_14/2026,Beusch,SP,AndererBereich,nicht eingetreten
245,5A_543/2026,Hartmann,Grüne,Zivilrecht,abgewiesen
248,5A_549/2026,De Rossa,SP,Zivilrecht,abgewiesen
252,5F_25/2026,De Rossa,SP,AndererBereich,nicht eingetreten
253,5A_395/2025,De Rossa,SP,Zivilrecht,abgewiesen
255,5A_556/2026,Hartmann,Grüne,Zivilrecht,abgewiesen
258,5A_911/2025,Hartmann,Grüne,Zivilrecht,abgewiesen
259,4A_244/2025,Kiss,FDP,Zivilrecht,abgewiesen
25,5A_234/2026,De Rossa,SP,Zivilrecht,nicht eingetreten
261,8C_571/2025,Maillard,Die Mitte,Öffentliches Recht,abgewiesen
262,6B_313/2025,Guidon,SVP,Strafrecht,abgewiesen
263,7B_264/2026,Koch,SP,Strafrecht,nicht eingetreten
264,8C_672/2025,Maillard,Die Mitte,Öffentliches Recht,gutgeheissen
265,"9C_280/2025, 9C_286/2025",Stadelmann,Die Mitte,Öffentliches Recht,gutgeheissen
267,7B_697/2026,Koch,SP,Strafrecht,nicht eingetreten
268,2F_10/2026,Hänni,Die Mitte,AndererBereich,nicht eingetreten
269,6B_281/2026,Wohlhauser,SP,Strafrecht,abgewiesen
26,5A_841/2025,De Rossa,SP,Zivilrecht,abgewiesen
270,"5A_1125/2025, 5A_3/2026",De Rossa,SP,Zivilrecht,abgewiesen
272,6B_79/2026,Glassey,Die Mitte,Strafrecht,teilweise gutgeheissen
273,6B_207/2026,Wohlhauser,SP,Strafrecht,abgewiesen
275,7B_330/2026,van de Graaf,SVP,Strafrecht,abgewiesen
276,7B_503/2026,Koch,SP,Strafrecht,nicht eingetreten
279,6B_13/2026,Donzallaz,parteilos (ex SVP),Strafrecht,gutgeheissen
27,1C_331/2026,Chaix,FDP,Öffentliches Recht,nicht eingetreten
280,7B_1021/2024,van de Graaf,SVP,Strafrecht,nicht eingetreten
281,8C_690/2025,Maillard,Die Mitte,Öffentliches Recht,abgewiesen
282,9C_195/2026,Beusch,SP,Öffentliches Recht,abgeschrieben
283,5A_12/2026,Hartmann,Grüne,Zivilrecht,nicht eingetreten
284,1C_221/2024,Kneubühler,SP,Öffentliches Recht,abgewiesen
285,"4A_285/2025,",Kiss,FDP,Zivilrecht,abgewiesen
286,4A_387/2025,Kiss,FDP,Zivilrecht,nicht eingetreten
287,6B_591/2025,Kradolfer,FDP,Strafrecht,abgewiesen
288,2C_48/2026,Hänni,Die Mitte,Öffentliches Recht,abgewiesen
289,7B_249/2026,Koch,SP,Strafrecht,abgewiesen
28,6B_497/2025,Heine,SVP,Strafrecht,abgewiesen
290,6B_711/2025,Heine,SVP,Strafrecht,abgewiesen
291,6F_4/2026,Rüedi,SVP,AndererBereich,abgewiesen
292,6B_401/2025,von Felten,Die Mitte,Strafrecht,gutgeheissen
293,7B_1108/2025,Koch,SP,Strafrecht,abgewiesen
294,7B_356/2026,Koch,SP,Strafrecht,abgewiesen
295,6B_946/2025,Guidon,SVP,Strafrecht,abgewiesen
296,6F_2/2026,Rüedi,SVP,AndererBereich,abgewiesen
299,6B_709/2025,Kradolfer,FDP,Strafrecht,abgewiesen
29,5A_1070/2025,De Rossa,SP,Zivilrecht,abgeschrieben
2,6B_350/2026,Wohlhauser,SP,Strafrecht,abgewiesen
300,6B_777/2025,Kradolfer,FDP,Strafrecht,abgewiesen
301,6B_886/2025,Wohlhauser,SP,Strafrecht,abgewiesen
302,6B_820/2025,Glassey,Die Mitte,Strafrecht,abgewiesen
303,2C_727/2025,Donzallaz,parteilos (ex SVP),Öffentliches Recht,abgewiesen
305,5A_1091/2025,Herrmann,SVP,Zivilrecht,abgewiesen
306,6B_118/2026,Rüedi,SVP,Strafrecht,abgewiesen
307,6B_775/2025,Guidon,SVP,Strafrecht,abgewiesen
308,6B_966/2025,von Felten,Die Mitte,Strafrecht,teilweise gutgeheissen
309,7B_1029/2024,Koch,SP,Strafrecht,gutgeheissen
30,5A_124/2026,Hartmann,Grüne,Zivilrecht,abgewiesen
311,7B_20/2026,Koch,SP,Strafrecht,abgewiesen
313,8C_35/2026,Scherrer Reber,FDP,Öffentliches Recht,nicht eingetreten
314,"5A_483/2025, 5A_495/2025",Herrmann,SVP,Zivilrecht,teilweise gutgeheissen
315,5A_932/2025,Herrmann,SVP,Zivilrecht,teilweise gutgeheissen
318,5A_526/2026,De Rossa,SP,Zivilrecht,abgewiesen
319,8C_111/2026,Scherrer Reber,FDP,Öffentliches Recht,gutgeheissen
320,2C_645/2025,Ryter,SP,Öffentliches Recht,abgewiesen
321,9C_111/2026,Stadelmann,Die Mitte,Öffentliches Recht,nicht eingetreten
327,5A_233/2026,Hartmann,Grüne,Zivilrecht,abgewiesen
328,6B_160/2026,Heine,SVP,Strafrecht,abgewiesen
329,6B_162/2026,Heine,SVP,Strafrecht,abgewiesen
330,7B_316/2024,Kölz,Grüne,Strafrecht,abgewiesen
331,1C_87/2026,Müller,SVP,Öffentliches Recht,gutgeheissen
333,9C_375/2025,Stadelmann,Die Mitte,Öffentliches Recht,abgewiesen
334,1C_4/2026,Chaix,FDP,Öffentliches Recht,abgewiesen
338,9C_639/2025,Stadelmann,Die Mitte,Öffentliches Recht,abgewiesen
340,7B_1393/2024,van de Graaf,SVP,Strafrecht,abgewiesen
341,7B_382/2026,Abrecht,SP,Strafrecht,abgewiesen
342,7B_652/2025,Abrecht,SP,Strafrecht,abgewiesen
345,6B_744/2025,Guidon,SVP,Strafrecht,abgewiesen
346,6B_92/2026,Glassey,Die Mitte,Strafrecht,gutgeheissen
347,2C_534/2025,Donzallaz,parteilos (ex SVP),Öffentliches Recht,nicht eingetreten
348,5A_466/2026,Herrmann,SVP,Zivilrecht,abgewiesen
349,6B_293/2025,Heine,SVP,Strafrecht,teilweise gutgeheissen
34,5A_481/2026,Hartmann,Grüne,Zivilrecht,teilweise gutgeheissen
350,6B_80/2026,Heine,SVP,Strafrecht,abgewiesen
352,5A_481/2024,Herrmann,SVP,Zivilrecht,abgewiesen
353,7B_413/2026,van de Graaf,SVP,Strafrecht,nicht eingetreten
356,7B_397/2025,Koch,SP,Strafrecht,gutgeheissen
357,8C_62/2026,Scherrer Reber,FDP,Öffentliches Recht,nicht eingetreten
361,5A_492/2026,Hartmann,Grüne,Zivilrecht,abgewiesen
362,5A_498/2026,Hartmann,Grüne,Zivilrecht,abgewiesen
363,5A_500/2026,De Rossa,SP,Zivilrecht,abgewiesen
364,5A_507/2026,Hartmann,Grüne,Zivilrecht,abgewiesen
365,5F_21/2026,Hartmann,Grüne,AndererBereich,abgewiesen
366,5F_22/2026,Hartmann,Grüne,AndererBereich,abgewiesen
367,5F_23/2026,Hartmann,Grüne,AndererBereich,abgewiesen
368,5A_581/2025,Hartmann,Grüne,Zivilrecht,gutgeheissen
371,7B_641/2026,van de Graaf,SVP,Strafrecht,gutgeheissen
372,4A_562/2025,Kiss,FDP,Zivilrecht,gutgeheissen
373,1C_401/2024,Chaix,FDP,Öffentliches Recht,abgewiesen
376,1C_105/2026,Chaix,FDP,Öffentliches Recht,abgewiesen
377,8C_563/2025,Maillard,Die Mitte,Öffentliches Recht,abgewiesen
378,8C_526/2025,Maillard,Die Mitte,Öffentliches Recht,teilweise gutgeheissen
379,1C_106/2026,Chaix,FDP,Öffentliches Recht,gutgeheissen
380,2D_3/2026,Ryter,SP,Subsidiäre Verfassungsbeschwerde,abgewiesen
381,7B_376/2026,Hofmann,Die Mitte,Strafrecht,abgeschrieben
382,6B_142/2026,Wohlhauser,SP,Strafrecht,abgewiesen
383,9C_249/2026,Beusch,SP,Öffentliches Recht,abgewiesen
384,2C_111/2026,Donzallaz,parteilos (ex SVP),Öffentliches Recht,abgewiesen
385,2C_663/2025,Donzallaz,parteilos (ex SVP),Öffentliches Recht,nicht eingetreten
386,5A_246/2025,Herrmann,SVP,Zivilrecht,gutgeheissen
387,6B_111/2026,Wohlhauser,SP,Strafrecht,abgewiesen
388,5A_50/2026,Herrmann,SVP,Zivilrecht,teilweise gutgeheissen
389,5A_59/2026,Herrmann,SVP,Zivilrecht,nicht eingetreten
38,7B_779/2026,van de Graaf,SVP,Strafrecht,abgewiesen
390,5A_705/2025,Herrmann,SVP,Zivilrecht,gutgeheissen
391,9C_255/2026,Beusch,SP,Öffentliches Recht,abgewiesen
392,9C_683/2024,Stadelmann,Die Mitte,Öffentliches Recht,gutgeheissen
395,5A_678/2025,Hartmann,Grüne,Zivilrecht,nicht eingetreten
397,8C_559/2025,Scherrer Reber,FDP,Öffentliches Recht,abgewiesen
398,9F_15/2026,Beusch,SP,AndererBereich,abgewiesen
39,2C_632/2025,Donzallaz,parteilos (ex SVP),Öffentliches Recht,abgewiesen
3,6B_946/2024,Heine,SVP,Strafrecht,abgewiesen
404,6B_826/2024,Heine,SVP,Strafrecht,abgewiesen
405,2C_724/2025,Hänni,Die Mitte,Öffentliches Recht,abgeschrieben
406,2C_498/2025,Hänni,Die Mitte,Öffentliches Recht,abgewiesen
407,2C_660/2025,Hänni,Die Mitte,Öffentliches Recht,abgewiesen
408,2C_88/2026,Donzallaz,parteilos (ex SVP),Öffentliches Recht,nicht eingetreten
409,6B_988/2025,von Felten,Die Mitte,Strafrecht,gutgeheissen
40,2C_634/2025,Donzallaz,parteilos (ex SVP),Öffentliches Recht,abgewiesen
411,7B_498/2026,Koch,SP,Strafrecht,nicht eingetreten
412,7B_523/2026,Koch,SP,Strafrecht,nicht eingetreten
413,7B_525/2026,Koch,SP,Strafrecht,nicht eingetreten
414,4A_153/2026,Kiss,FDP,Zivilrecht,abgewiesen
416,7B_629/2024,van de Graaf,SVP,Strafrecht,abgewiesen
417,1C_644/2025,Chaix,FDP,Öffentliches Recht,abgewiesen
419,7B_106/2025,Koch,SP,Strafrecht,abgewiesen
41,4A_654/2025,Denys,Grüne,Zivilrecht,abgewiesen
420,8C_700/2025,Maillard,Die Mitte,Öffentliches Recht,abgewiesen
421,"7B_262/2026, 7B_296/2026",van de Graaf,SVP,Strafrecht,gutgeheissen
424,9C_694/2025,Stadelmann,Die Mitte,Öffentliches Recht,abgewiesen
42,"2C_31/2025, 2C_34/2025",Donzallaz,parteilos (ex SVP),Öffentliches Recht,abgewiesen
435,4A_257/2025,Kiss,FDP,Zivilrecht,abgewiesen
436,8C_159/2026,Maillard,Die Mitte,Öffentliches Recht,gutgeheissen
437,7B_134/2025,Koch,SP,Strafrecht,gutgeheissen
438,7B_675/2026,Koch,SP,Strafrecht,nicht eingetreten
439,7B_734/2025,Koch,SP,Strafrecht,gutgeheissen
43,1C_730/2025,Müller,SVP,Öffentliches Recht,gutgeheissen
440,7F_45/2025,Koch,SP,AndererBereich,nicht eingetreten
441,7B_261/2026,van de Graaf,SVP,Strafrecht,gutgeheissen
442,1C_458/2025,Chaix,FDP,Öffentliches Recht,abgewiesen
443,1C_538/2025,Merz,Mitte,Öffentliches Recht,abgewiesen
444,7B_1291/2025,Kölz,Grüne,Strafrecht,nicht eingetreten
445,7B_683/2025,Koch,SP,Strafrecht,abgewiesen
448,7B_351/2024,Koch,SP,Strafrecht,gutgeheissen
449,7B_526/2026,Koch,SP,Strafrecht,nicht eingetreten
44,2C_603/2025,Donzallaz,parteilos (ex SVP),Öffentliches Recht,teilweise gutgeheissen
455,7B_485/2026,Koch,SP,Strafrecht,nicht eingetreten
456,7B_535/2026,Koch,SP,Strafrecht,nicht eingetreten
459,7B_651/2026,van de Graaf,SVP,Strafrecht,gutgeheissen
45,1C_100/2026,Chaix,FDP,Öffentliches Recht,gutgeheissen
460,4A_323/2025,Hurni,GLP,Zivilrecht,abgewiesen
461,7B_333/2026,Koch,SP,Strafrecht,nicht eingetreten
462,"4A_571/2025, 4A_575/2025",Denys,Grüne,Zivilrecht,abgewiesen
463,7B_509/2026,Koch,SP,Strafrecht,nicht eingetreten
464,5A_506/2025,Herrmann,SVP,Zivilrecht,abgewiesen
465,2C_699/2025,Ryter,SP,Öffentliches Recht,gutgeheissen
466,7B_474/2026,Koch,SP,Strafrecht,nicht eingetreten
467,5A_317/2026,Herrmann,SVP,Zivilrecht,nicht eingetreten
468,9C_78/2026,Parrino,SP,Öffentliches Recht,abgewiesen
469,2C_207/2026,Donzallaz,parteilos (ex SVP),Öffentliches Recht,gutgeheissen
46,1C_46/2026,Chaix,FDP,Öffentliches Recht,gutgeheissen
470,2C_285/2026,Donzallaz,parteilos (ex SVP),Öffentliches Recht,andere
471,5A_1100/2025,Hartmann,Grüne,Zivilrecht,abgewiesen
472,"8C_75/2026, 8C_230/2026",Métral,Grüne,Öffentliches Recht,nicht eingetreten
473,5A_408/2026,Herrmann,SVP,Zivilrecht,abgewiesen
475,4A_517/2025,Kiss,FDP,Zivilrecht,abgewiesen
476,6B_633/2024,von Felten,Die Mitte,Strafrecht,abgewiesen
477,6B_505/2025,Guidon,SVP,Strafrecht,abgewiesen
47,6B_735/2025,von Felten,Die Mitte,Strafrecht,abgewiesen
480,8C_654/2024,Heine,SVP,Öffentliches Recht,abgewiesen
481,9C_38/2026,Stadelmann,Die Mitte,Öffentliches Recht,teilweise gutgeheissen
482,9C_39/2026,Stadelmann,Die Mitte,Öffentliches Recht,teilweise gutgeheissen
484,6B_903/2025,Kradolfer,FDP,Strafrecht,abgewiesen
485,8C_66/2026,Maillard,Die Mitte,Öffentliches Recht,abgewiesen
486,6B_415/2024,Wohlhauser,SP,Strafrecht,abgewiesen
487,6B_132/2026,Kradolfer,FDP,Strafrecht,abgewiesen
488,6B_197/2026,Guidon,SVP,Strafrecht,abgewiesen
48,6B_747/2025,von Felten,Die Mitte,Strafrecht,abgewiesen
490,6B_288/2025,Heine,SVP,Strafrecht,abgewiesen
493,8C_680/2025,Maillard,Die Mitte,Öffentliches Recht,abgewiesen
494,9C_326/2025,Stadelmann,Die Mitte,Öffentliches Recht,abgewiesen
496,1C_184/2026,Chaix,FDP,Öffentliches Recht,abgewiesen
497,1C_428/2024,Chaix,FDP,Öffentliches Recht,gutgeheissen
498,1F_6/2026,Chaix,FDP,AndererBereich,abgewiesen
499,4D_23/2026,Denys,Grüne,Subsidiäre Verfassungsbeschwerde,abgewiesen
49,7B_593/2026,Koch,SP,Strafrecht,nicht eingetreten
4,8C_714/2025,Maillard,Die Mitte,Öffentliches Recht,abgewiesen
500,8C_94/2026,Maillard,Die Mitte,Öffentliches Recht,abgewiesen
501,6B_244/2026,Wohlhauser,SP,Strafrecht,abgewiesen
502,6B_353/2025,von Felten,Die Mitte,Strafrecht,teilweise gutgeheissen
503,7B_1289/2025,van de Graaf,SVP,Strafrecht,gutgeheissen
504,7B_334/2026,Koch,SP,Strafrecht,abgewiesen
505,8C_687/2025,Maillard,Die Mitte,Öffentliches Recht,abgewiesen
509,2C_199/2026,Donzallaz,parteilos (ex SVP),Öffentliches Recht,nicht eingetreten
50,7B_384/2025,van de Graaf,SVP,Strafrecht,abgewiesen
510,4F_13/2026,Kiss,FDP,AndererBereich,nicht eingetreten
513,5A_484/2026,Herrmann,SVP,Zivilrecht,abgewiesen
514,8C_184/2026,Maillard,Die Mitte,Öffentliches Recht,teilweise gutgeheissen
515,1C_353/2025,Kneubühler,SP,Öffentliches Recht,abgewiesen
516,5A_405/2026,Hartmann,Grüne,Zivilrecht,nicht eingetreten
517,7B_587/2026,Koch,SP,Strafrecht,nicht eingetreten
51,7B_594/2024,van de Graaf,SVP,Strafrecht,nicht eingetreten
524,8C_30/2026,Métral,Grüne,Öffentliches Recht,nicht eingetreten
525,8C_31/2026,Métral,Grüne,Öffentliches Recht,nicht eingetreten
526,8C_742/2025,Métral,Grüne,Öffentliches Recht,nicht eingetreten
527,5A_488/2026,Hartmann,Grüne,Zivilrecht,abgewiesen
52,7B_428/2026,Koch,SP,Strafrecht,nicht eingetreten
530,6B_752/2025,Kradolfer,FDP,Strafrecht,gutgeheissen
531,1C_560/2025,Chaix,FDP,Öffentliches Recht,nicht eingetreten
532,1C_186/2026,Müller,SVP,Öffentliches Recht,abgewiesen
533,5D_8/2026,Hartmann,Grüne,Subsidiäre Verfassungsbeschwerde,abgewiesen
534,7B_846/2025,Kölz,Grüne,Strafrecht,abgewiesen
537,4A_514/2025,Kiss,FDP,Zivilrecht,abgewiesen
539,5A_815/2025,De Rossa,SP,Zivilrecht,gutgeheissen
53,8C_283/2025,Maillard,Die Mitte,Öffentliches Recht,abgewiesen
543,4F_12/2026,Denys,Grüne,AndererBereich,abgewiesen
544,9C_295/2025,Beusch,SP,Öffentliches Recht,abgewiesen
545,9C_594/2025,Beusch,SP,Öffentliches Recht,abgewiesen
546,9C_663/2025,Beusch,SP,Öffentliches Recht,abgewiesen
547,"6B_940/2024, 6B_941/2024, 6B_947/2024, 6B_968/2024",Wohlhauser,SP,Strafrecht,gutgeheissen
548,7B_433/2026,Hofmann,Die Mitte,Strafrecht,abgewiesen
54,8C_529/2025,Maillard,Die Mitte,Öffentliches Recht,teilweise gutgeheissen
550,9C_623/2025,Stadelmann,Die Mitte,Öffentliches Recht,abgewiesen
552,7B_193/2026,Kölz,Grüne,Strafrecht,gutgeheissen
554,9C_212/2026,Stadelmann,Die Mitte,Öffentliches Recht,abgewiesen
557,7B_248/2026,van de Graaf,SVP,Strafrecht,abgewiesen
558,7B_811/2024,van de Graaf,SVP,Strafrecht,nicht eingetreten
55,7B_524/2026,Koch,SP,Strafrecht,nicht eingetreten
560,6B_935/2025,Muschietti,FDP,Strafrecht,gutgeheissen
561,7B_358/2026,Koch,SP,Strafrecht,nicht eingetreten
562,7B_614/2026,Koch,SP,Strafrecht,nicht eingetreten
563,5A_467/2026,Herrmann,SVP,Zivilrecht,abgewiesen
566,5A_483/2026,Hartmann,Grüne,Zivilrecht,abgewiesen
569,5A_482/2026,Hartmann,Grüne,Zivilrecht,nicht eingetreten
56,7B_534/2026,Koch,SP,Strafrecht,nicht eingetreten
572,"1C_733/2025, 1C_734/2025, 1C_61/2026",Chaix,FDP,Öffentliches Recht,gutgeheissen
574,1C_93/2025,Chaix,FDP,Öffentliches Recht,abgewiesen
575,1C_748/2025,Kneubühler,SP,Öffentliches Recht,abgewiesen
576,1C_537/2025,Merz,Mitte,Öffentliches Recht,nicht eingetreten
577,8C_484/2025,Maillard,Die Mitte,Öffentliches Recht,gutgeheissen
579,1C_771/2025,Chaix,FDP,Öffentliches Recht,abgewiesen
57,6B_893/2025,Guidon,SVP,Strafrecht,abgewiesen
580,2C_469/2025,Donzallaz,parteilos (ex SVP),Öffentliches Recht,abgewiesen
581,"7B_283/2026, 7B_318/2026, 7B_338/2026, 7B_387/2026, 7B_394/2026",Koch,SP,Strafrecht,nicht eingetreten
583,5A_219/2026,Herrmann,SVP,Zivilrecht,nicht eingetreten
584,7B_206/2026,Koch,SP,Strafrecht,nicht eingetreten
585,8C_727/2024,Scherrer Reber,FDP,Öffentliches Recht,teilweise gutgeheissen
586,9C_106/2025,Parrino,SP,Öffentliches Recht,gutgeheissen
587,4A_91/2026,Hurni,GLP,Zivilrecht,abgewiesen
588,7B_1379/2024,van de Graaf,SVP,Strafrecht,nicht eingetreten
589,9C_89/2026,Beusch,SP,Öffentliches Recht,abgewiesen
58,1C_204/2026,Kneubühler,SP,Öffentliches Recht,nicht eingetreten
590,9C_178/2026,Beusch,SP,Öffentliches Recht,abgewiesen
592,7B_1373/2024,van de Graaf,SVP,Strafrecht,abgewiesen
593,9C_171/2026,Bollinger,SVP,Öffentliches Recht,abgeschrieben
594,2D_9/2026,Hänni,Die Mitte,Subsidiäre Verfassungsbeschwerde,abgewiesen
595,4A_433/2025,Kiss,FDP,Zivilrecht,abgewiesen
597,8C_732/2025,Heine,SVP,Öffentliches Recht,abgewiesen
598,7B_377/2026,Koch,SP,Strafrecht,nicht eingetreten
599,8C_189/2026,Heine,SVP,Öffentliches Recht,abgewiesen
59,6B_125/2026,Kradolfer,FDP,Strafrecht,abgewiesen
600,8C_694/2025,Métral,Grüne,Öffentliches Recht,abgewiesen
601,9C_83/2026,Parrino,SP,Öffentliches Recht,abgewiesen
602,9D_24/2025,Stadelmann,Die Mitte,Subsidiäre Verfassungsbeschwerde,abgewiesen
608,5A_611/2025,Herrmann,SVP,Zivilrecht,abgewiesen
609,5A_993/2025,Herrmann,SVP,Zivilrecht,nicht eingetreten
60,6B_650/2024,Heine,SVP,Strafrecht,abgewiesen
610,5A_995/2025,Herrmann,SVP,Zivilrecht,nicht eingetreten
611,7B_1077/2025,Koch,SP,Strafrecht,teilweise gutgeheissen
61,6B_909/2025,Guidon,SVP,Strafrecht,abgewiesen
622,2C_179/2026,Donzallaz,parteilos (ex SVP),Öffentliches Recht,abgewiesen
625,"4A_162/2025, 4A_176/2025",Rüedi,SVP,Zivilrecht,abgewiesen
626,1C_342/2025,Kneubühler,SP,Öffentliches Recht,abgewiesen
627,2C_210/2025,Ryter,SP,Öffentliches Recht,abgewiesen
628,7B_287/2026,Koch,SP,Strafrecht,nicht eingetreten
629,9C_241/2025,Beusch,SP,Öffentliches Recht,abgewiesen
62,6B_976/2025,Donzallaz,parteilos (ex SVP),Strafrecht,teilweise gutgeheissen
630,1C_583/2025,Kneubühler,SP,Öffentliches Recht,abgewiesen
631,2C_317/2025,Hänni,Die Mitte,Öffentliches Recht,abgewiesen
632,5A_333/2026,Hartmann,Grüne,Zivilrecht,abgewiesen
633,"5A_631/2024, 5A_643/2024",Herrmann,SVP,Zivilrecht,abgewiesen
634,7B_539/2026,Koch,SP,Strafrecht,nicht eingetreten
636,6B_174/2026,Wohlhauser,SP,Strafrecht,abgewiesen
638,6B_98/2026,Muschietti,FDP,Strafrecht,abgewiesen
639,9C_325/2025,Beusch,SP,Öffentliches Recht,abgewiesen
63,"6B_595/2025, 6B_620/2025",Glassey,Die Mitte,Strafrecht,abgewiesen
640,6B_226/2026,Wohlhauser,SP,Strafrecht,abgewiesen
641,7B_1442/2024,Kölz,Grüne,Strafrecht,abgewiesen
647,"6B_106/2025, 6B_114/2025, 6B_120/2025, 6B_125/2025",Wohlhauser,SP,Strafrecht,teilweise gutgeheissen
648,8C_344/2025,Heine,SVP,Öffentliches Recht,abgewiesen
64,7B_1214/2025,Kölz,Grüne,Strafrecht,abgewiesen
651,6B_954/2025,Kradolfer,FDP,Strafrecht,abgewiesen
652,7B_414/2026,Koch,SP,Strafrecht,nicht eingetreten
653,7B_419/2026,Koch,SP,Strafrecht,nicht eingetreten
654,8C_110/2026,Maillard,Die Mitte,Öffentliches Recht,abgewiesen
655,8C_588/2025,Maillard,Die Mitte,Öffentliches Recht,nicht eingetreten
657,5A_175/2025,Herrmann,SVP,Zivilrecht,abgewiesen
658,7B_1331/2024,van de Graaf,SVP,Strafrecht,teilweise gutgeheissen
659,7B_357/2026,Koch,SP,Strafrecht,nicht eingetreten
65,5A_1034/2025,Hartmann,Grüne,Zivilrecht,abgewiesen
660,7B_424/2026,Koch,SP,Strafrecht,nicht eingetreten
661,"9C_29/2026, 9C_46/2026",Stadelmann,Die Mitte,Öffentliches Recht,gutgeheissen
662,9C_90/2026,Stadelmann,Die Mitte,Öffentliches Recht,abgewiesen
667,1D_21/2025,Kneubühler,SP,Subsidiäre Verfassungsbeschwerde,abgewiesen
668,7F_29/2026,van de Graaf,SVP,AndererBereich,nicht eingetreten
669,5A_128/2026,Hartmann,Grüne,Zivilrecht,abgewiesen
66,5A_474/2026,Hartmann,Grüne,Zivilrecht,nicht eingetreten
670,5A_517/2024,Herrmann,SVP,Zivilrecht,teilweise gutgeheissen
672,5A_384/2026,De Rossa,SP,Zivilrecht,abgewiesen
673,5F_14/2026,Herrmann,SVP,AndererBereich,nicht eingetreten
675,6B_683/2025,Kradolfer,FDP,Strafrecht,abgewiesen
676,7B_440/2025,Koch,SP,Strafrecht,abgewiesen
677,6B_864/2025,von Felten,Die Mitte,Strafrecht,abgewiesen
67,6B_328/2025,Wohlhauser,SP,Strafrecht,abgewiesen
680,6B_726/2025,Rüedi,SVP,Strafrecht,nicht eingetreten
681,7B_478/2026,Koch,SP,Strafrecht,nicht eingetreten
683,8C_686/2025,Heine,SVP,Öffentliches Recht,gutgeheissen
684,6B_36/2026,Wohlhauser,SP,Strafrecht,teilweise gutgeheissen
686,6B_66/2026,Donzallaz,parteilos (ex SVP),Strafrecht,teilweise gutgeheissen
687,6B_67/2026,Donzallaz,parteilos (ex SVP),Strafrecht,gutgeheissen
688,7B_514/2026,Koch,SP,Strafrecht,nicht eingetreten
68,7B_1145/2025,Koch,SP,Strafrecht,abgewiesen
691,5F_19/2025,Herrmann,SVP,AndererBereich,nicht eingetreten
692,5G_2/2025,Herrmann,SVP,AndererBereich,nicht eingetreten
699,1C_619/2025,Müller,SVP,Öffentliches Recht,abgewiesen
69,8C_609/2025,Heine,SVP,Öffentliches Recht,abgewiesen
702,8C_3/2026,Maillard,Die Mitte,Öffentliches Recht,teilweise gutgeheissen
703,7B_291/2026,Koch,SP,Strafrecht,nicht eingetreten
705,"7B_351/2026, 7B_396/2026, 7B_441/2026",Koch,SP,Strafrecht,nicht eingetreten
706,6B_1005/2025,Rüedi,SVP,Strafrecht,abgewiesen
707,8C_224/2026,Maillard,Die Mitte,Öffentliches Recht,abgewiesen
708,9C_157/2026,Stadelmann,Die Mitte,Öffentliches Recht,nicht eingetreten
709,9C_229/2026,Stadelmann,Die Mitte,Öffentliches Recht,nicht eingetreten
70,6B_932/2025,Donzallaz,parteilos (ex SVP),Strafrecht,teilweise gutgeheissen
710,6B_1005/2024,Guidon,SVP,Strafrecht,gutgeheissen
712,1C_46/2025,Chaix,FDP,Öffentliches Recht,abgewiesen
713,1C_47/2025,Chaix,FDP,Öffentliches Recht,abgewiesen
714,1F_5/2026,Kneubühler,SP,AndererBereich,nicht eingetreten
715,5A_26/2025,Hartmann,Grüne,Zivilrecht,abgewiesen
717,6B_254/2025,Heine,SVP,Strafrecht,abgewiesen
718,6B_257/2025,Heine,SVP,Strafrecht,abgewiesen
71,7F_23/2026,Koch,SP,AndererBereich,abgewiesen
720,6B_573/2024,Guidon,SVP,Strafrecht,abgewiesen
721,6B_91/2026,Wohlhauser,SP,Strafrecht,abgewiesen
722,2C_454/2025,Hänni,Die Mitte,Öffentliches Recht,abgewiesen
723,6B_898/2024,von Felten,Die Mitte,Strafrecht,teilweise gutgeheissen
724,"1C_178/2026, 1C_193/2026",Chaix,FDP,Öffentliches Recht,nicht eingetreten
726,6B_96/2025,Muschietti,FDP,Strafrecht,abgewiesen
728,7B_333/2024,Kölz,Grüne,Strafrecht,abgewiesen
72,7B_596/2026,Koch,SP,Strafrecht,nicht eingetreten
730,6B_113/2026,Rüedi,SVP,Strafrecht,abgewiesen
731,6B_577/2025,Wohlhauser,SP,Strafrecht,abgewiesen
732,6B_852/2025,Rüedi,SVP,Strafrecht,abgewiesen
733,7B_594/2026,Koch,SP,Strafrecht,nicht eingetreten
734,4A_291/2025,Kiss,FDP,Zivilrecht,gutgeheissen
735,4A_166/2026,Rüedi,SVP,Zivilrecht,abgewiesen
737,2C_59/2026,Donzallaz,parteilos (ex SVP),Öffentliches Recht,abgewiesen
738,5A_111/2025,De Rossa,SP,Zivilrecht,abgewiesen
73,1C_626/2025,Müller,SVP,Öffentliches Recht,teilweise gutgeheissen
741,7B_586/2026,van de Graaf,SVP,Strafrecht,gutgeheissen
742,6B_619/2024,Heine,SVP,Strafrecht,abgewiesen
743,6B_622/2024,Heine,SVP,Strafrecht,teilweise gutgeheissen
744,6B_284/2025,Heine,SVP,Strafrecht,abgewiesen
745,6B_165/2026,von Felten,Die Mitte,Strafrecht,abgewiesen
746,5A_826/2025,Hartmann,Grüne,Zivilrecht,abgewiesen
747,5A_846/2025,Hartmann,Grüne,Zivilrecht,abgewiesen
748,5A_1019/2025,Herrmann,SVP,Zivilrecht,abgewiesen
749,6B_456/2024,Heine,SVP,Strafrecht,abgewiesen
74,7B_143/2026,Kölz,Grüne,Strafrecht,gutgeheissen
750,5A_782/2025,Hartmann,Grüne,Zivilrecht,abgewiesen
751,2C_731/2025,Ryter,SP,Öffentliches Recht,abgewiesen
752,6B_412/2024,Wohlhauser,SP,Strafrecht,abgewiesen
753,6F_3/2026,Heine,SVP,AndererBereich,nicht eingetreten
754,8C_703/2025,Scherrer Reber,FDP,Öffentliches Recht,gutgeheissen
756,5A_779/2025,Herrmann,SVP,Zivilrecht,teilweise gutgeheissen
757,9C_309/2025,Parrino,SP,Öffentliches Recht,abgewiesen
758,7B_247/2026,Koch,SP,Strafrecht,nicht eingetreten
759,7B_422/2026,Koch,SP,Strafrecht,nicht eingetreten
760,2C_28/2025,Donzallaz,parteilos (ex SVP),Öffentliches Recht,gutgeheissen
761,2C_30/2025,Donzallaz,parteilos (ex SVP),Öffentliches Recht,gutgeheissen
762,7B_1184/2025,Kölz,Grüne,Strafrecht,gutgeheissen
763,5A_1096/2025,Hartmann,Grüne,Zivilrecht,abgeschrieben
764,5A_119/2026,Hartmann,Grüne,Zivilrecht,abgewiesen
765,5A_867/2025,De Rossa,SP,Zivilrecht,abgewiesen
766,5A_955/2025,Hartmann,Grüne,Zivilrecht,abgewiesen
767,5D_55/2025,De Rossa,SP,Subsidiäre Verfassungsbeschwerde,nicht eingetreten
768,9F_28/2025,Parrino,SP,AndererBereich,nicht eingetreten
769,8C_27/2026,Scherrer Reber,FDP,Öffentliches Recht,gutgeheissen
76,"6B_657/2024, 6B_662/2024",von Felten,Die Mitte,Strafrecht,gutgeheissen
770,9C_185/2026,Stadelmann,Die Mitte,Öffentliches Recht,abgewiesen
771,5A_1094/2025,Herrmann,SVP,Zivilrecht,abgewiesen
773,5A_18/2026,Hartmann,Grüne,Zivilrecht,abgewiesen
774,5A_263/2026,Hartmann,Grüne,Zivilrecht,abgewiesen
778,2C_698/2025,Ryter,SP,Öffentliches Recht,nicht eingetreten
782,7B_1006/2023,Koch,SP,Strafrecht,gutgeheissen
784,7F_25/2026,Koch,SP,AndererBereich,nicht eingetreten
787,8C_209/2026,Métral,Grüne,Öffentliches Recht,nicht eingetreten
789,4A_24/2026,Rüedi,SVP,Zivilrecht,abgewiesen
790,4A_480/2025,Kiss,FDP,Zivilrecht,gutgeheissen
791,4A_440/2025,Kiss,FDP,Zivilrecht,nicht eingetreten
792,4A_396/2025,Denys,Grüne,Zivilrecht,gutgeheissen
793,6B_739/2025,Heine,SVP,Strafrecht,abgewiesen
794,4A_34/2026,Kiss,FDP,Zivilrecht,abgewiesen
795,4A_444/2025,Kiss,FDP,Zivilrecht,abgewiesen
796,6B_28/2026,Rüedi,SVP,Strafrecht,abgewiesen
797,6B_689/2025,Heine,SVP,Strafrecht,abgewiesen
798,4A_402/2025,Denys,Grüne,Zivilrecht,abgewiesen
799,4A_22/2026,Rüedi,SVP,Zivilrecht,abgewiesen
7,1C_397/2024,Kneubühler,SP,Öffentliches Recht,nicht eingetreten
800,7B_793/2025,Koch,SP,Strafrecht,abgewiesen
802,2C_642/2025,Hänni,Die Mitte,Öffentliches Recht,abgewiesen
803,2C_96/2026,Donzallaz,parteilos (ex SVP),Öffentliches Recht,abgewiesen
806,1C_374/2025,Chaix,FDP,Öffentliches Recht,abgewiesen
807,5A_265/2026,Hartmann,Grüne,Zivilrecht,abgewiesen
808,9C_8/2026,Stadelmann,Die Mitte,Öffentliches Recht,abgewiesen
809,6B_583/2025,Wohlhauser,SP,Strafrecht,teilweise gutgeheissen
810,4A_9/2026,Kiss,FDP,Zivilrecht,abgewiesen
811,5A_58/2025,De Rossa,SP,Zivilrecht,abgewiesen
816,5A_435/2026,Hartmann,Grüne,Zivilrecht,abgewiesen
821,8C_219/2026,Métral,Grüne,Öffentliches Recht,nicht eingetreten
826,7B_121/2026,Koch,SP,Strafrecht,abgewiesen
827,8C_689/2025,Scherrer Reber,FDP,Öffentliches Recht,abgewiesen
828,7B_450/2026,Koch,SP,Strafrecht,nicht eingetreten
829,7B_332/2026,Koch,SP,Strafrecht,nicht eingetreten
830,9C_104/2026,Parrino,SP,Öffentliches Recht,abgewiesen
831,9C_366/2025,Stadelmann,Die Mitte,Öffentliches Recht,gutgeheissen
832,2C_177/2026,Donzallaz,parteilos (ex SVP),Öffentliches Recht,nicht eingetreten
835,7F_19/2026,Koch,SP,AndererBereich,nicht eingetreten
838,8C_705/2025,Maillard,Die Mitte,Öffentliches Recht,abgewiesen
839,8C_85/2026,Scherrer Reber,FDP,Öffentliches Recht,abgewiesen
840,9F_11/2026,Stadelmann,Die Mitte,AndererBereich,abgewiesen
842,7B_450/2025,Koch,SP,Strafrecht,gutgeheissen
843,7B_537/2026,Kölz,Grüne,Strafrecht,gutgeheissen
845,1C_371/2024,Kneubühler,SP,Öffentliches Recht,abgewiesen
846,1C_97/2026,Chaix,FDP,Öffentliches Recht,nicht eingetreten
847,2C_87/2026,Ryter,SP,Öffentliches Recht,abgewiesen
850,7B_1347/2025,van de Graaf,SVP,Strafrecht,abgewiesen
851,6B_1205/2023,von Felten,Die Mitte,Strafrecht,abgewiesen
852,1C_194/2024,Kneubühler,SP,Öffentliches Recht,abgewiesen
853,1C_64/2024,Kneubühler,SP,Öffentliches Recht,teilweise gutgeheissen
854,1C_80/2024,Kneubühler,SP,Öffentliches Recht,teilweise gutgeheissen
859,9C_173/2025,Parrino,SP,Öffentliches Recht,teilweise gutgeheissen
85,2C_47/2025,Donzallaz,parteilos (ex SVP),Öffentliches Recht,abgewiesen
862,7B_340/2026,Koch,SP,Strafrecht,nicht eingetreten
864,2C_384/2025,Ryter,SP,Öffentliches Recht,nicht eingetreten
865,7B_1050/2024,Hofmann,Die Mitte,Strafrecht,abgewiesen
866,7B_1360/2025,Abrecht,SP,Strafrecht,gutgeheissen
867,9F_7/2026,Stadelmann,Die Mitte,AndererBereich,abgewiesen
868,9F_8/2026,Stadelmann,Die Mitte,AndererBereich,abgewiesen
86,"1C_563/2025, 1C_566/2025, 1C_570/2025,",Chaix,FDP,Öffentliches Recht,nicht eingetreten
870,8C_201/2026,Maillard,Die Mitte,Öffentliches Recht,abgewiesen
871,8C_341/2023,Métral,Grüne,Öffentliches Recht,abgeschrieben
872,7B_320/2025,Kölz,Grüne,Strafrecht,gutgeheissen
873,7B_322/2026,Koch,SP,Strafrecht,nicht eingetreten
878,9C_246/2026,Stadelmann,Die Mitte,Öffentliches Recht,abgewiesen
87,4A_236/2024,Kiss,FDP,Zivilrecht,nicht eingetreten
880,1C_579/2025,Müller,SVP,Öffentliches Recht,abgewiesen
881,1C_341/2025,Chaix,FDP,Öffentliches Recht,gutgeheissen
882,1C_183/2026,Merz,Mitte,Öffentliches Recht,nicht eingetreten
883,7B_1258/2025,van de Graaf,SVP,Strafrecht,gutgeheissen
884,7B_1310/2025,Koch,SP,Strafrecht,abgewiesen
887,8C_213/2025,Scherrer Reber,FDP,Öffentliches Recht,abgewiesen
888,6B_146/2026,von Felten,Die Mitte,Strafrecht,abgewiesen
88,4A_310/2024,Kiss,FDP,Zivilrecht,abgewiesen
890,7B_1349/2025,Koch,SP,Strafrecht,abgewiesen
893,1C_206/2026,Chaix,FDP,Öffentliches Recht,abgewiesen
895,8C_681/2025,Maillard,Die Mitte,Öffentliches Recht,gutgeheissen
897,9C_224/2026,Stadelmann,Die Mitte,Öffentliches Recht,abgewiesen
89,1C_580/2024,Müller,SVP,Öffentliches Recht,gutgeheissen
900,7B_497/2026,Koch,SP,Strafrecht,nicht eingetreten
902,7B_1144/2025,Koch,SP,Strafrecht,gutgeheissen
904,1C_260/2026,Müller,SVP,Öffentliches Recht,abgewiesen
905,5A_434/2026,Hartmann,Grüne,Zivilrecht,abgewiesen
908,2C_334/2024,Hänni,Die Mitte,Öffentliches Recht,abgeschrieben
909,2C_133/2026,Donzallaz,parteilos (ex SVP),Öffentliches Recht,abgewiesen
90,6B_856/2025,Guidon,SVP,Strafrecht,abgewiesen
910,5A_683/2024,Herrmann,SVP,Zivilrecht,abgewiesen
911,5A_684/2024,Herrmann,SVP,Zivilrecht,gutgeheissen
912,1C_153/2026,Kneubühler,SP,Öffentliches Recht,abgewiesen
913,5A_162/2025,Herrmann,SVP,Zivilrecht,gutgeheissen
914,8C_262/2025,Maillard,Die Mitte,Öffentliches Recht,abgewiesen
915,4A_43/2026,Kiss,FDP,Zivilrecht,teilweise gutgeheissen
917,5A_217/2026,Herrmann,SVP,Zivilrecht,abgewiesen
919,"6B_533/2024, 6B_539/2024, 6B_540/2024",von Felten,Die Mitte,Strafrecht,abgewiesen
91,2C_586/2025,Hänni,Die Mitte,Öffentliches Recht,gutgeheissen
922,7B_211/2025,Koch,SP,Strafrecht,gutgeheissen
926,8C_255/2025,Maillard,Die Mitte,Öffentliches Recht,gutgeheissen
929,4A_347/2025,Rüedi,SVP,Zivilrecht,teilweise gutgeheissen
92,8C_8/2026,Maillard,Die Mitte,Öffentliches Recht,abgewiesen
930,4A_648/2025,Denys,Grüne,Zivilrecht,abgewiesen
931,6B_519/2025,Guidon,SVP,Strafrecht,abgewiesen
932,6B_1213/2023,Wohlhauser,SP,Strafrecht,teilweise gutgeheissen
933,6B_1274/2023,Wohlhauser,SP,Strafrecht,teilweise gutgeheissen
934,6B_950/2025,Wohlhauser,SP,Strafrecht,teilweise gutgeheissen
935,8C_72/2026,Maillard,Die Mitte,Öffentliches Recht,gutgeheissen
936,6B_723/2025,von Felten,Die Mitte,Strafrecht,gutgeheissen
937,2C_506/2024,Donzallaz,parteilos (ex SVP),Öffentliches Recht,abgewiesen
938,2C_464/2025,Donzallaz,parteilos (ex SVP),Öffentliches Recht,abgewiesen
939,6B_145/2026,Wohlhauser,SP,Strafrecht,abgewiesen
93,9C_54/2026,Parrino,SP,Öffentliches Recht,abgewiesen
940,6B_329/2025,Wohlhauser,SP,Strafrecht,abgewiesen
941,6B_746/2025,Guidon,SVP,Strafrecht,abgewiesen
942,6B_985/2025,Wohlhauser,SP,Strafrecht,abgewiesen
943,5A_1077/2025,Hartmann,Grüne,Zivilrecht,nicht eingetreten
944,5A_476/2025,Herrmann,SVP,Zivilrecht,teilweise gutgeheissen
945,5F_2/2026,Hartmann,Grüne,AndererBereich,abgewiesen
946,"6B_110/2026, 6B_112/2026",von Felten,Die Mitte,Strafrecht,gutgeheissen
947,6B_45/2026,Wohlhauser,SP,Strafrecht,abgewiesen
948,9C_137/2025,Stadelmann,Die Mitte,Öffentliches Recht,teilweise gutgeheissen
952,8C_554/2025,Maillard,Die Mitte,Öffentliches Recht,abgewiesen
953,5A_954/2025,Herrmann,SVP,Zivilrecht,nicht eingetreten
954,6B_138/2026,Wohlhauser,SP,Strafrecht,abgewiesen
955,6B_858/2025,Muschietti,FDP,Strafrecht,abgewiesen
956,7B_1106/2025,Hofmann,Die Mitte,Strafrecht,abgewiesen
958,5A_204/2026,Herrmann,SVP,Zivilrecht,abgewiesen
961,5A_107/2026,Herrmann,SVP,Zivilrecht,abgewiesen
962,5A_336/2026,De Rossa,SP,Zivilrecht,abgewiesen
963,5A_16/2025,Herrmann,SVP,Zivilrecht,abgewiesen
964,5A_975/2025,Hartmann,Grüne,Zivilrecht,nicht eingetreten
967,"6B_942/2024, 6B_943/2024, 6B_944/2024, 6B_948/2024",von Felten,Die Mitte,Strafrecht,abgewiesen
968,1C_354/2025,Merz,Mitte,Öffentliches Recht,abgewiesen
969,2C_305/2025,Donzallaz,parteilos (ex SVP),Öffentliches Recht,abgewiesen
96,"9C_315/2026, 9C_316/2026",Beusch,SP,Öffentliches Recht,nicht eingetreten
970,1C_506/2025,Chaix,FDP,Öffentliches Recht,nicht eingetreten
971,2C_520/2025,Donzallaz,parteilos (ex SVP),Öffentliches Recht,abgewiesen
972,7B_936/2024,Abrecht,SP,Strafrecht,nicht eingetreten
973,5A_648/2025,Hartmann,Grüne,Zivilrecht,nicht eingetreten
974,1C_631/2025,Chaix,FDP,Öffentliches Recht,abgewiesen
975,7B_230/2024,van de Graaf,SVP,Strafrecht,nicht eingetreten
976,8C_503/2024,Maillard,Die Mitte,Öffentliches Recht,teilweise gutgeheissen
978,7B_368/2026,Koch,SP,Strafrecht,nicht eingetreten
979,9C_247/2025,Parrino,SP,Öffentliches Recht,gutgeheissen
97,9C_322/2025,Stadelmann,Die Mitte,Öffentliches Recht,teilweise gutgeheissen
981,1C_573/2024,Müller,SVP,Öffentliches Recht,gutgeheissen
983,6B_832/2025,Kradolfer,FDP,Strafrecht,abgewiesen
984,7B_289/2026,Koch,SP,Strafrecht,nicht eingetreten
987,7B_409/2026,Koch,SP,Strafrecht,nicht eingetreten
98,4D_230/2025,Denys,Grüne,Subsidiäre Verfassungsbeschwerde,gutgeheissen
996,7B_1117/2025,Kölz,Grüne,Strafrecht,abgewiesen
99,7B_1354/2025,Kölz,Grüne,Strafrecht,abgewiesen
100,7B_245/2026,Hofmann,Die Mitte,Strafrecht,gutgeheissen
101,6B_975/2025,Glassey,Die Mitte,Strafrecht,teilweise gutgeheissen
102,"6B_845/2025, 6B_846/2025",Guidon,SVP,Strafrecht,gutgeheissen
103,7B_155/2026,Kölz,Grüne,Strafrecht,teilweise gutgeheissen
104,7B_49/2026,Koch,SP,Strafrecht,abgewiesen
106,6F_7/2026,Glassey,Die Mitte,AndererBereich,nicht eingetreten
108,5A_596/2026,Brunner,SVP,Zivilrecht,abgewiesen
114,1C_128/2026,Kneubühler,SP,Öffentliches Recht,abgewiesen
115,7B_612/2024,Hofmann,Die Mitte,Strafrecht,abgewiesen
116,5A_737/2025,Josi,SVP,Zivilrecht,abgewiesen
118,9C_498/2025,Bollinger,SVP,Öffentliches Recht,abgewiesen
119,7B_1326/2024,Kölz,Grüne,Strafrecht,abgewiesen
121,8C_343/2025,Heine,SVP,Öffentliches Recht,teilweise gutgeheissen
122,9C_374/2025,Parrino,SP,Öffentliches Recht,abgewiesen
123,5A_683/2025,Josi,SVP,Zivilrecht,gutgeheissen
124,5F_19/2026,De Rossa,SP,AndererBereich,abgewiesen
128,9C_630/2025,Beusch,SP,Öffentliches Recht,nicht eingetreten
132,5A_129/2026,Josi,SVP,Zivilrecht,abgewiesen
135,1C_356/2026,Müller,SVP,Öffentliches Recht,nicht eingetreten
136,9C_532/2025,Beusch,SP,Öffentliches Recht,abgewiesen
13,6B_432/2025,Wohlhauser,SP,Strafrecht,gutgeheissen
149,2C_142/2026,Kradolfer,FDP,Öffentliches Recht,abgewiesen
14,7B_707/2026,Hofmann,Die Mitte,Strafrecht,teilweise gutgeheissen
150,8C_140/2026,Métral,Grüne,Öffentliches Recht,gutgeheissen
153,1C_722/2025,Müller,SVP,Öffentliches Recht,abgewiesen
156,9C_208/2025,Bollinger,SVP,Öffentliches Recht,abgewiesen
157,7B_926/2025,Kölz,Grüne,Strafrecht,abgewiesen
158,9C_362/2025,Parrino,SP,Öffentliches Recht,abgewiesen
160,1C_362/2025,Merz,Mitte,Öffentliches Recht,abgewiesen
161,7B_110/2025,Koch,SP,Strafrecht,teilweise gutgeheissen
165,8C_490/2024,Scherrer Reber,FDP,Öffentliches Recht,abgewiesen
166,8C_675/2025,Scherrer Reber,FDP,Öffentliches Recht,abgewiesen
168,9C_310/2025,Beusch,SP,Öffentliches Recht,abgewiesen
169,9C_600/2025,Beusch,SP,Öffentliches Recht,teilweise gutgeheissen
16,5A_1078/2025,Josi,SVP,Zivilrecht,abgewiesen
170,8C_113/2026,Métral,Grüne,Öffentliches Recht,abgewiesen
171,8C_676/2025,Métral,Grüne,Öffentliches Recht,abgewiesen
172,9C_280/2026,Bollinger,SVP,Öffentliches Recht,abgewiesen
174,4A_528/2025,Rüedi,SVP,Zivilrecht,abgewiesen
175,1C_146/2025,Kneubühler,SP,Öffentliches Recht,gutgeheissen
176,6B_807/2025,Wohlhauser,SP,Strafrecht,gutgeheissen
177,8C_535/2025,Métral,Grüne,Öffentliches Recht,teilweise gutgeheissen
178,4A_513/2025,Denys,Grüne,Zivilrecht,abgewiesen
179,5A_842/2025,Hartmann,Grüne,Zivilrecht,abgewiesen
180,7B_1111/2025,Kölz,Grüne,Strafrecht,abgewiesen
181,4A_479/2025,Denys,Grüne,Zivilrecht,abgewiesen
183,6B_359/2024,Wohlhauser,SP,Strafrecht,teilweise gutgeheissen
184,6B_870/2025,Wohlhauser,SP,Strafrecht,abgewiesen
185,5A_183/2026,Josi,SVP,Zivilrecht,gutgeheissen
186,6B_155/2026,Glassey,Die Mitte,Strafrecht,abgewiesen
187,6B_51/2026,Wohlhauser,SP,Strafrecht,abgewiesen
188,8C_527/2025,Bollinger,SVP,Öffentliches Recht,abgewiesen
189,6B_459/2025,Segura,FDP,Strafrecht,abgewiesen
18,6B_720/2025,Glassey,Die Mitte,Strafrecht,abgewiesen
193,"9C_533/2024, 9C_540/2024",Beusch,SP,Öffentliches Recht,gutgeheissen
195,6B_200/2026,Guidon,SVP,Strafrecht,gutgeheissen
196,6B_214/2026,Glassey,Die Mitte,Strafrecht,abgewiesen
197,6B_947/2025,Heine,SVP,Strafrecht,abgewiesen
198,7B_118/2026,Kölz,Grüne,Strafrecht,teilweise gutgeheissen
19,6B_168/2026,Glassey,Die Mitte,Strafrecht,abgewiesen
1,1C_85/2026,Merz,Mitte,Öffentliches Recht,abgewiesen
200,7B_650/2026,Koch,SP,Strafrecht,gutgeheissen
201,8C_170/2026,Scherrer Reber,FDP,Öffentliches Recht,teilweise gutgeheissen
203,8C_235/2026,Métral,Grüne,Öffentliches Recht,gutgeheissen
204,8C_365/2025,Bechaalany,SP,Öffentliches Recht,gutgeheissen
205,5A_545/2026,De Rossa,SP,Zivilrecht,nicht eingetreten
206,7B_588/2026,Kölz,Grüne,Strafrecht,gutgeheissen
207,7B_708/2026,Hofmann,Die Mitte,Strafrecht,gutgeheissen
20,6B_945/2025,Guidon,SVP,Strafrecht,abgewiesen
214,1G_1/2026,Merz,Mitte,AndererBereich,abgewiesen
215,2C_212/2025,Hänni,Die Mitte,Öffentliches Recht,abgewiesen
216,5A_1008/2025,Josi,SVP,Zivilrecht,abgewiesen
217,5A_1105/2025,Josi,SVP,Zivilrecht,abgewiesen
218,5A_140/2026,Josi,SVP,Zivilrecht,abgewiesen
21,7B_1279/2025,Brunner,SVP,Strafrecht,abgewiesen
220,8C_701/2025,Métral,Grüne,Öffentliches Recht,abgewiesen
221,4A_156/2025,Lötscher,SP,Zivilrecht,gutgeheissen
222,7B_1318/2024,Hofmann,Die Mitte,Strafrecht,abgewiesen
223,7B_78/2025,Hofmann,Die Mitte,Strafrecht,nicht eingetreten
224,9C_697/2024,Parrino,SP,Öffentliches Recht,gutgeheissen
226,9C_213/2026,Parrino,SP,Öffentliches Recht,abgewiesen
227,6B_198/2026,Wohlhauser,SP,Strafrecht,teilweise gutgeheissen
228,9C_547/2025,Bollinger,SVP,Öffentliches Recht,teilweise gutgeheissen
230,9C_652/2025,Parrino,SP,Öffentliches Recht,abgewiesen
233,5A_323/2026,De Rossa,SP,Zivilrecht,abgewiesen
234,9C_538/2024,Parrino,SP,Öffentliches Recht,teilweise gutgeheissen
235,7B_1105/2025,Kölz,Grüne,Strafrecht,nicht eingetreten
236,9F_10/2026,Beusch,SP,AndererBereich,nicht eingetreten
238,5A_991/2025,Josi,SVP,Zivilrecht,abgeschrieben
239,6B_791/2025,Guidon,SVP,Strafrecht,teilweise gutgeheissen
23,5A_1120/2025,De Rossa,SP,Zivilrecht,abgewiesen
242,9F_14/2026,Bollinger,SVP,AndererBereich,nicht eingetreten
245,5A_543/2026,Josi,SVP,Zivilrecht,abgewiesen
248,5A_549/2026,Josi,SVP,Zivilrecht,abgewiesen
252,5F_25/2026,Josi,SVP,AndererBereich,nicht eingetreten
253,5A_395/2025,Josi,SVP,Zivilrecht,abgewiesen
255,5A_556/2026,De Rossa,SP,Zivilrecht,abgewiesen
258,5A_911/2025,De Rossa,SP,Zivilrecht,abgewiesen
259,4A_244/2025,Rüedi,SVP,Zivilrecht,abgewiesen
25,5A_234/2026,Josi,SVP,Zivilrecht,nicht eingetreten
261,8C_571/2025,Scherrer Reber,FDP,Öffentliches Recht,abgewiesen
262,6B_313/2025,Segura,FDP,Strafrecht,abgewiesen
263,7B_264/2026,Hofmann,Die Mitte,Strafrecht,nicht eingetreten
264,8C_672/2025,Heine,SVP,Öffentliches Recht,gutgeheissen
265,"9C_280/2025, 9C_286/2025",Beusch,SP,Öffentliches Recht,gutgeheissen
268,2F_10/2026,Ryter,SP,AndererBereich,nicht eingetreten
269,6B_281/2026,Guidon,SVP,Strafrecht,abgewiesen
26,5A_841/2025,Josi,SVP,Zivilrecht,abgewiesen
270,"5A_1125/2025, 5A_3/2026",Josi,SVP,Zivilrecht,abgewiesen
272,6B_79/2026,Segura,FDP,Strafrecht,teilweise gutgeheissen
273,6B_207/2026,Glassey,Die Mitte,Strafrecht,abgewiesen
275,7B_330/2026,Hofmann,Die Mitte,Strafrecht,abgewiesen
279,6B_13/2026,von Felten,Die Mitte,Strafrecht,gutgeheissen
27,1C_331/2026,Merz,Mitte,Öffentliches Recht,nicht eingetreten
280,7B_1021/2024,Hofmann,Die Mitte,Strafrecht,nicht eingetreten
281,8C_690/2025,Métral,Grüne,Öffentliches Recht,abgewiesen
283,5A_12/2026,De Rossa,SP,Zivilrecht,nicht eingetreten
284,1C_221/2024,Mecca,FDP,Öffentliches Recht,abgewiesen
285,"4A_285/2025,",Denys,Grüne,Zivilrecht,abgewiesen
286,4A_387/2025,May Canellas,Die Mitte,Zivilrecht,nicht eingetreten
287,6B_591/2025,Guidon,SVP,Strafrecht,abgewiesen
288,2C_48/2026,Kradolfer,FDP,Öffentliches Recht,abgewiesen
289,7B_249/2026,Kölz,Grüne,Strafrecht,abgewiesen
28,6B_497/2025,Guidon,SVP,Strafrecht,abgewiesen
290,6B_711/2025,Guidon,SVP,Strafrecht,abgewiesen
291,6F_4/2026,Guidon,SVP,AndererBereich,abgewiesen
292,6B_401/2025,Wohlhauser,SP,Strafrecht,gutgeheissen
293,7B_1108/2025,Hofmann,Die Mitte,Strafrecht,abgewiesen
294,7B_356/2026,Kölz,Grüne,Strafrecht,abgewiesen
295,6B_946/2025,Glassey,Die Mitte,Strafrecht,abgewiesen
296,6F_2/2026,Wohlhauser,SP,AndererBereich,abgewiesen
299,6B_709/2025,Glassey,Die Mitte,Strafrecht,abgewiesen
29,5A_1070/2025,Josi,SVP,Zivilrecht,abgeschrieben
2,6B_350/2026,Glassey,Die Mitte,Strafrecht,abgewiesen
300,6B_777/2025,Guidon,SVP,Strafrecht,abgewiesen
301,6B_886/2025,Guidon,SVP,Strafrecht,abgewiesen
302,6B_820/2025,Bischoff,FDP,Strafrecht,abgewiesen
303,2C_727/2025,Ryter,SP,Öffentliches Recht,abgewiesen
305,5A_1091/2025,Josi,SVP,Zivilrecht,abgewiesen
306,6B_118/2026,Wohlhauser,SP,Strafrecht,abgewiesen
307,6B_775/2025,Glassey,Die Mitte,Strafrecht,abgewiesen
308,6B_966/2025,Wohlhauser,SP,Strafrecht,teilweise gutgeheissen
309,7B_1029/2024,Hofmann,Die Mitte,Strafrecht,gutgeheissen
30,5A_124/2026,Josi,SVP,Zivilrecht,abgewiesen
311,7B_20/2026,Hofmann,Die Mitte,Strafrecht,abgewiesen
314,"5A_483/2025, 5A_495/2025",Hartmann,Grüne,Zivilrecht,teilweise gutgeheissen
315,5A_932/2025,De Rossa,SP,Zivilrecht,teilweise gutgeheissen
318,5A_526/2026,Josi,SVP,Zivilrecht,abgewiesen
319,8C_111/2026,Métral,Grüne,Öffentliches Recht,gutgeheissen
320,2C_645/2025,Kradolfer,FDP,Öffentliches Recht,abgewiesen
321,9C_111/2026,Parrino,SP,Öffentliches Recht,nicht eingetreten
327,5A_233/2026,Josi,SVP,Zivilrecht,abgewiesen
328,6B_160/2026,Glassey,Die Mitte,Strafrecht,abgewiesen
329,6B_162/2026,Glassey,Die Mitte,Strafrecht,abgewiesen
330,7B_316/2024,Hofmann,Die Mitte,Strafrecht,abgewiesen
331,1C_87/2026,D. Hänni,SP,Öffentliches Recht,gutgeheissen
333,9C_375/2025,Bollinger,SVP,Öffentliches Recht,abgewiesen
334,1C_4/2026,Merz,Mitte,Öffentliches Recht,abgewiesen
338,9C_639/2025,Parrino,SP,Öffentliches Recht,abgewiesen
340,7B_1393/2024,Kölz,Grüne,Strafrecht,abgewiesen
341,7B_382/2026,Hofmann,Die Mitte,Strafrecht,abgewiesen
342,7B_652/2025,van de Graaf,SVP,Strafrecht,abgewiesen
345,6B_744/2025,Lötscher,SP,Strafrecht,abgewiesen
346,6B_92/2026,Lötscher,SP,Strafrecht,gutgeheissen
347,2C_534/2025,Hänni,Die Mitte,Öffentliches Recht,nicht eingetreten
348,5A_466/2026,Josi,SVP,Zivilrecht,abgewiesen
349,6B_293/2025,Guidon,SVP,Strafrecht,teilweise gutgeheissen
34,5A_481/2026,De Rossa,SP,Zivilrecht,teilweise gutgeheissen
350,6B_80/2026,Glassey,Die Mitte,Strafrecht,abgewiesen
352,5A_481/2024,De Rossa,SP,Zivilrecht,abgewiesen
353,7B_413/2026,Kölz,Grüne,Strafrecht,nicht eingetreten
356,7B_397/2025,Kölz,Grüne,Strafrecht,gutgeheissen
361,5A_492/2026,De Rossa,SP,Zivilrecht,abgewiesen
362,5A_498/2026,De Rossa,SP,Zivilrecht,abgewiesen
363,5A_500/2026,Josi,SVP,Zivilrecht,abgewiesen
364,5A_507/2026,Josi,SVP,Zivilrecht,abgewiesen
365,5F_21/2026,De Rossa,SP,AndererBereich,abgewiesen
366,5F_22/2026,De Rossa,SP,AndererBereich,abgewiesen
367,5F_23/2026,De Rossa,SP,AndererBereich,abgewiesen
368,5A_581/2025,Josi,SVP,Zivilrecht,gutgeheissen
371,7B_641/2026,Kölz,Grüne,Strafrecht,gutgeheissen
372,4A_562/2025,Rüedi,SVP,Zivilrecht,gutgeheissen
373,1C_401/2024,Kneubühler,SP,Öffentliches Recht,abgewiesen
376,1C_105/2026,Müller,SVP,Öffentliches Recht,abgewiesen
377,8C_563/2025,Heine,SVP,Öffentliches Recht,abgewiesen
378,8C_526/2025,Métral,Grüne,Öffentliches Recht,teilweise gutgeheissen
379,1C_106/2026,Merz,Mitte,Öffentliches Recht,gutgeheissen
380,2D_3/2026,Kradolfer,FDP,Subsidiäre Verfassungsbeschwerde,abgewiesen
382,6B_142/2026,Glassey,Die Mitte,Strafrecht,abgewiesen
383,9C_249/2026,Bollinger,SVP,Öffentliches Recht,abgewiesen
384,2C_111/2026,Kradolfer,FDP,Öffentliches Recht,abgewiesen
385,2C_663/2025,Kradolfer,FDP,Öffentliches Recht,nicht eingetreten
386,5A_246/2025,De Rossa,SP,Zivilrecht,gutgeheissen
387,6B_111/2026,Glassey,Die Mitte,Strafrecht,abgewiesen
388,5A_50/2026,Josi,SVP,Zivilrecht,teilweise gutgeheissen
389,5A_59/2026,De Rossa,SP,Zivilrecht,nicht eingetreten
38,7B_779/2026,Hofmann,Die Mitte,Strafrecht,abgewiesen
390,5A_705/2025,Josi,SVP,Zivilrecht,gutgeheissen
391,9C_255/2026,Bollinger,SVP,Öffentliches Recht,abgewiesen
392,9C_683/2024,Parrino,SP,Öffentliches Recht,gutgeheissen
395,5A_678/2025,Josi,SVP,Zivilrecht,nicht eingetreten
397,8C_559/2025,Métral,Grüne,Öffentliches Recht,abgewiesen
398,9F_15/2026,Bollinger,SVP,AndererBereich,abgewiesen
39,2C_632/2025,Kradolfer,FDP,Öffentliches Recht,abgewiesen
3,6B_946/2024,Glassey,Die Mitte,Strafrecht,abgewiesen
404,6B_826/2024,Wohlhauser,SP,Strafrecht,abgewiesen
405,2C_724/2025,Kradolfer,FDP,Öffentliches Recht,abgeschrieben
406,2C_498/2025,Kradolfer,FDP,Öffentliches Recht,abgewiesen
407,2C_660/2025,Kradolfer,FDP,Öffentliches Recht,abgewiesen
408,2C_88/2026,Ryter,SP,Öffentliches Recht,nicht eingetreten
409,6B_988/2025,Wohlhauser,SP,Strafrecht,gutgeheissen
40,2C_634/2025,Kradolfer,FDP,Öffentliches Recht,abgewiesen
414,4A_153/2026,Rüedi,SVP,Zivilrecht,abgewiesen
416,7B_629/2024,Brunner,SVP,Strafrecht,abgewiesen
417,1C_644/2025,Kneubühler,SP,Öffentliches Recht,abgewiesen
419,7B_106/2025,Hofmann,Die Mitte,Strafrecht,abgewiesen
41,4A_654/2025,Rüedi,SVP,Zivilrecht,abgewiesen
420,8C_700/2025,Heine,SVP,Öffentliches Recht,abgewiesen
421,"7B_262/2026, 7B_296/2026",Kölz,Grüne,Strafrecht,gutgeheissen
424,9C_694/2025,Beusch,SP,Öffentliches Recht,abgewiesen
42,"2C_31/2025, 2C_34/2025",Hänni,Die Mitte,Öffentliches Recht,abgewiesen
435,4A_257/2025,Denys,Grüne,Zivilrecht,abgewiesen
436,8C_159/2026,Métral,Grüne,Öffentliches Recht,gutgeheissen
437,7B_134/2025,Hofmann,Die Mitte,Strafrecht,gutgeheissen
439,7B_734/2025,Hofmann,Die Mitte,Strafrecht,gutgeheissen
43,1C_730/2025,Hänni,Die Mitte,Öffentliches Recht,gutgeheissen
440,7F_45/2025,Hofmann,Die Mitte,AndererBereich,nicht eingetreten
441,7B_261/2026,Hofmann,Die Mitte,Strafrecht,gutgeheissen
442,1C_458/2025,Kneubühler,SP,Öffentliches Recht,abgewiesen
443,1C_538/2025,D. Hänni,SP,Öffentliches Recht,abgewiesen
444,7B_1291/2025,Hofmann,Die Mitte,Strafrecht,nicht eingetreten
445,7B_683/2025,Kölz,Grüne,Strafrecht,abgewiesen
448,7B_351/2024,Hofmann,Die Mitte,Strafrecht,gutgeheissen
44,2C_603/2025,Hänni,Die Mitte,Öffentliches Recht,teilweise gutgeheissen
459,7B_651/2026,Kölz,Grüne,Strafrecht,gutgeheissen
45,1C_100/2026,Merz,Mitte,Öffentliches Recht,gutgeheissen
460,4A_323/2025,Kiss,FDP,Zivilrecht,abgewiesen
462,"4A_571/2025, 4A_575/2025",Rüedi,SVP,Zivilrecht,abgewiesen
464,5A_506/2025,Hartmann,Grüne,Zivilrecht,abgewiesen
465,2C_699/2025,Kradolfer,FDP,Öffentliches Recht,gutgeheissen
467,5A_317/2026,Josi,SVP,Zivilrecht,nicht eingetreten
468,9C_78/2026,Bollinger,SVP,Öffentliches Recht,abgewiesen
469,2C_207/2026,Hänni,Die Mitte,Öffentliches Recht,gutgeheissen
46,1C_46/2026,Merz,Mitte,Öffentliches Recht,gutgeheissen
470,2C_285/2026,Hänni,Die Mitte,Öffentliches Recht,andere
471,5A_1100/2025,Josi,SVP,Zivilrecht,abgewiesen
473,5A_408/2026,Hartmann,Grüne,Zivilrecht,abgewiesen
475,4A_517/2025,Pontarolo,Mitte,Zivilrecht,abgewiesen
476,6B_633/2024,Kradolfer,FDP,Strafrecht,abgewiesen
477,6B_505/2025,Lötscher,SP,Strafrecht,abgewiesen
47,6B_735/2025,Guidon,SVP,Strafrecht,abgewiesen
480,8C_654/2024,Métral,Grüne,Öffentliches Recht,abgewiesen
481,9C_38/2026,Beusch,SP,Öffentliches Recht,teilweise gutgeheissen
482,9C_39/2026,Beusch,SP,Öffentliches Recht,teilweise gutgeheissen
484,6B_903/2025,Wohlhauser,SP,Strafrecht,abgewiesen
485,8C_66/2026,Métral,Grüne,Öffentliches Recht,abgewiesen
486,6B_415/2024,Glassey,Die Mitte,Strafrecht,abgewiesen
487,6B_132/2026,Glassey,Die Mitte,Strafrecht,abgewiesen
488,6B_197/2026,Glassey,Die Mitte,Strafrecht,abgewiesen
48,6B_747/2025,Wohlhauser,SP,Strafrecht,abgewiesen
490,6B_288/2025,Guidon,SVP,Strafrecht,abgewiesen
493,8C_680/2025,Métral,Grüne,Öffentliches Recht,abgewiesen
494,9C_326/2025,Beusch,SP,Öffentliches Recht,abgewiesen
496,1C_184/2026,Merz,Mitte,Öffentliches Recht,abgewiesen
497,1C_428/2024,Merz,Mitte,Öffentliches Recht,gutgeheissen
498,1F_6/2026,Kneubühler,SP,AndererBereich,abgewiesen
499,4D_23/2026,May Canellas,Die Mitte,Subsidiäre Verfassungsbeschwerde,abgewiesen
4,8C_714/2025,Scherrer Reber,FDP,Öffentliches Recht,abgewiesen
500,8C_94/2026,Bechaalany,SP,Öffentliches Recht,abgewiesen
501,6B_244/2026,Glassey,Die Mitte,Strafrecht,abgewiesen
502,6B_353/2025,Wohlhauser,SP,Strafrecht,teilweise gutgeheissen
503,7B_1289/2025,Koch,SP,Strafrecht,gutgeheissen
504,7B_334/2026,Hofmann,Die Mitte,Strafrecht,abgewiesen
505,8C_687/2025,Métral,Grüne,Öffentliches Recht,abgewiesen
509,2C_199/2026,Hänni,Die Mitte,Öffentliches Recht,nicht eingetreten
50,7B_384/2025,Hofmann,Die Mitte,Strafrecht,abgewiesen
510,4F_13/2026,Rüedi,SVP,AndererBereich,nicht eingetreten
513,5A_484/2026,Josi,SVP,Zivilrecht,abgewiesen
514,8C_184/2026,Scherrer Reber,FDP,Öffentliches Recht,teilweise gutgeheissen
515,1C_353/2025,Merz,Mitte,Öffentliches Recht,abgewiesen
516,5A_405/2026,De Rossa,SP,Zivilrecht,nicht eingetreten
51,7B_594/2024,Koch,SP,Strafrecht,nicht eingetreten
527,5A_488/2026,De Rossa,SP,Zivilrecht,abgewiesen
530,6B_752/2025,Guidon,SVP,Strafrecht,gutgeheissen
531,1C_560/2025,Merz,Mitte,Öffentliches Recht,nicht eingetreten
532,1C_186/2026,Merz,Mitte,Öffentliches Recht,abgewiesen
533,5D_8/2026,Josi,SVP,Subsidiäre Verfassungsbeschwerde,abgewiesen
534,7B_846/2025,Hofmann,Die Mitte,Strafrecht,abgewiesen
537,4A_514/2025,Denys,Grüne,Zivilrecht,abgewiesen
539,5A_815/2025,Josi,SVP,Zivilrecht,gutgeheissen
53,8C_283/2025,Heine,SVP,Öffentliches Recht,abgewiesen
543,4F_12/2026,Rüedi,SVP,AndererBereich,abgewiesen
544,9C_295/2025,Bollinger,SVP,Öffentliches Recht,abgewiesen
545,9C_594/2025,Bollinger,SVP,Öffentliches Recht,abgewiesen
546,9C_663/2025,Bollinger,SVP,Öffentliches Recht,abgewiesen
547,"6B_940/2024, 6B_941/2024, 6B_947/2024, 6B_968/2024",Guidon,SVP,Strafrecht,gutgeheissen
548,7B_433/2026,Schär,FDP,Strafrecht,abgewiesen
54,8C_529/2025,Heine,SVP,Öffentliches Recht,teilweise gutgeheissen
550,9C_623/2025,Bollinger,SVP,Öffentliches Recht,abgewiesen
552,7B_193/2026,Hofmann,Die Mitte,Strafrecht,gutgeheissen
554,9C_212/2026,Bollinger,SVP,Öffentliches Recht,abgewiesen
557,7B_248/2026,Koch,SP,Strafrecht,abgewiesen
558,7B_811/2024,Koch,SP,Strafrecht,nicht eingetreten
560,6B_935/2025,Heine,SVP,Strafrecht,gutgeheissen
563,5A_467/2026,Josi,SVP,Zivilrecht,abgewiesen
566,5A_483/2026,De Rossa,SP,Zivilrecht,abgewiesen
569,5A_482/2026,De Rossa,SP,Zivilrecht,nicht eingetreten
572,"1C_733/2025, 1C_734/2025, 1C_61/2026",Kneubühler,SP,Öffentliches Recht,gutgeheissen
574,1C_93/2025,Müller,SVP,Öffentliches Recht,abgewiesen
575,1C_748/2025,Müller,SVP,Öffentliches Recht,abgewiesen
576,1C_537/2025,Mecca,FDP,Öffentliches Recht,nicht eingetreten
577,8C_484/2025,Scherrer Reber,FDP,Öffentliches Recht,gutgeheissen
579,1C_771/2025,Müller,SVP,Öffentliches Recht,abgewiesen
57,6B_893/2025,Lötscher,SP,Strafrecht,abgewiesen
580,2C_469/2025,Hänni,Die Mitte,Öffentliches Recht,abgewiesen
583,5A_219/2026,De Rossa,SP,Zivilrecht,nicht eingetreten
585,8C_727/2024,Métral,Grüne,Öffentliches Recht,teilweise gutgeheissen
586,9C_106/2025,Beusch,SP,Öffentliches Recht,gutgeheissen
587,4A_91/2026,Kiss,FDP,Zivilrecht,abgewiesen
588,7B_1379/2024,Kölz,Grüne,Strafrecht,nicht eingetreten
589,9C_89/2026,Berger,FDP,Öffentliches Recht,abgewiesen
58,1C_204/2026,Müller,SVP,Öffentliches Recht,nicht eingetreten
590,9C_178/2026,Bollinger,SVP,Öffentliches Recht,abgewiesen
592,7B_1373/2024,Hofmann,Die Mitte,Strafrecht,abgewiesen
594,2D_9/2026,Kradolfer,FDP,Subsidiäre Verfassungsbeschwerde,abgewiesen
595,4A_433/2025,Denys,Grüne,Zivilrecht,abgewiesen
597,8C_732/2025,Métral,Grüne,Öffentliches Recht,abgewiesen
599,8C_189/2026,Scherrer Reber,FDP,Öffentliches Recht,abgewiesen
59,6B_125/2026,Glassey,Die Mitte,Strafrecht,abgewiesen
600,8C_694/2025,Bollinger,SVP,Öffentliches Recht,abgewiesen
601,9C_83/2026,Beusch,SP,Öffentliches Recht,abgewiesen
602,9D_24/2025,Beusch,SP,Subsidiäre Verfassungsbeschwerde,abgewiesen
608,5A_611/2025,Josi,SVP,Zivilrecht,abgewiesen
609,5A_993/2025,Josi,SVP,Zivilrecht,nicht eingetreten
60,6B_650/2024,Wohlhauser,SP,Strafrecht,abgewiesen
610,5A_995/2025,Josi,SVP,Zivilrecht,nicht eingetreten
611,7B_1077/2025,Kölz,Grüne,Strafrecht,teilweise gutgeheissen
61,6B_909/2025,Bischoff,FDP,Strafrecht,abgewiesen
622,2C_179/2026,Hänni,Die Mitte,Öffentliches Recht,abgewiesen
625,"4A_162/2025, 4A_176/2025",May Canellas,Die Mitte,Zivilrecht,abgewiesen
626,1C_342/2025,Merz,Mitte,Öffentliches Recht,abgewiesen
627,2C_210/2025,Kradolfer,FDP,Öffentliches Recht,abgewiesen
629,9C_241/2025,Bollinger,SVP,Öffentliches Recht,abgewiesen
62,6B_976/2025,Wohlhauser,SP,Strafrecht,teilweise gutgeheissen
630,1C_583/2025,Chaix,FDP,Öffentliches Recht,abgewiesen
631,2C_317/2025,Kradolfer,FDP,Öffentliches Recht,abgewiesen
632,5A_333/2026,Josi,SVP,Zivilrecht,abgewiesen
633,"5A_631/2024, 5A_643/2024",Hartmann,Grüne,Zivilrecht,abgewiesen
636,6B_174/2026,Glassey,Die Mitte,Strafrecht,abgewiesen
638,6B_98/2026,Wohlhauser,SP,Strafrecht,abgewiesen
639,9C_325/2025,Bollinger,SVP,Öffentliches Recht,abgewiesen
63,"6B_595/2025, 6B_620/2025",Bischoff,FDP,Strafrecht,abgewiesen
640,6B_226/2026,Segura,FDP,Strafrecht,abgewiesen
641,7B_1442/2024,Schär,FDP,Strafrecht,abgewiesen
647,"6B_106/2025, 6B_114/2025, 6B_120/2025, 6B_125/2025",Glassey,Die Mitte,Strafrecht,teilweise gutgeheissen
648,8C_344/2025,Métral,Grüne,Öffentliches Recht,abgewiesen
64,7B_1214/2025,Hofmann,Die Mitte,Strafrecht,abgewiesen
651,6B_954/2025,Wohlhauser,SP,Strafrecht,abgewiesen
654,8C_110/2026,Métral,Grüne,Öffentliches Recht,abgewiesen
655,8C_588/2025,Heine,SVP,Öffentliches Recht,nicht eingetreten
657,5A_175/2025,De Rossa,SP,Zivilrecht,abgewiesen
658,7B_1331/2024,Kölz,Grüne,Strafrecht,teilweise gutgeheissen
65,5A_1034/2025,Josi,SVP,Zivilrecht,abgewiesen
661,"9C_29/2026, 9C_46/2026",Parrino,SP,Öffentliches Recht,gutgeheissen
662,9C_90/2026,Beusch,SP,Öffentliches Recht,abgewiesen
667,1D_21/2025,Merz,Mitte,Subsidiäre Verfassungsbeschwerde,abgewiesen
668,7F_29/2026,Koch,SP,AndererBereich,nicht eingetreten
669,5A_128/2026,Josi,SVP,Zivilrecht,abgewiesen
66,5A_474/2026,Josi,SVP,Zivilrecht,nicht eingetreten
670,5A_517/2024,Hartmann,Grüne,Zivilrecht,teilweise gutgeheissen
672,5A_384/2026,Josi,SVP,Zivilrecht,abgewiesen
673,5F_14/2026,De Rossa,SP,AndererBereich,nicht eingetreten
675,6B_683/2025,Guidon,SVP,Strafrecht,abgewiesen
676,7B_440/2025,Kölz,Grüne,Strafrecht,abgewiesen
677,6B_864/2025,Wohlhauser,SP,Strafrecht,abgewiesen
67,6B_328/2025,Guidon,SVP,Strafrecht,abgewiesen
680,6B_726/2025,Glassey,Die Mitte,Strafrecht,nicht eingetreten
683,8C_686/2025,Scherrer Reber,FDP,Öffentliches Recht,gutgeheissen
684,6B_36/2026,Glassey,Die Mitte,Strafrecht,teilweise gutgeheissen
686,6B_66/2026,Guidon,SVP,Strafrecht,teilweise gutgeheissen
687,6B_67/2026,Guidon,SVP,Strafrecht,gutgeheissen
68,7B_1145/2025,Kölz,Grüne,Strafrecht,abgewiesen
691,5F_19/2025,De Rossa,SP,AndererBereich,nicht eingetreten
692,5G_2/2025,De Rossa,SP,AndererBereich,nicht eingetreten
699,1C_619/2025,Merz,Mitte,Öffentliches Recht,abgewiesen
69,8C_609/2025,Métral,Grüne,Öffentliches Recht,abgewiesen
702,8C_3/2026,Scherrer Reber,FDP,Öffentliches Recht,teilweise gutgeheissen
706,6B_1005/2025,Wohlhauser,SP,Strafrecht,abgewiesen
707,8C_224/2026,Scherrer Reber,FDP,Öffentliches Recht,abgewiesen
70,6B_932/2025,Wohlhauser,SP,Strafrecht,teilweise gutgeheissen
710,6B_1005/2024,Glassey,Die Mitte,Strafrecht,gutgeheissen
712,1C_46/2025,Merz,Mitte,Öffentliches Recht,abgewiesen
713,1C_47/2025,Merz,Mitte,Öffentliches Recht,abgewiesen
714,1F_5/2026,Müller,SVP,AndererBereich,nicht eingetreten
715,5A_26/2025,Josi,SVP,Zivilrecht,abgewiesen
717,6B_254/2025,Glassey,Die Mitte,Strafrecht,abgewiesen
718,6B_257/2025,Glassey,Die Mitte,Strafrecht,abgewiesen
71,7F_23/2026,Hofmann,Die Mitte,AndererBereich,abgewiesen
720,6B_573/2024,Lötscher,SP,Strafrecht,abgewiesen
721,6B_91/2026,Glassey,Die Mitte,Strafrecht,abgewiesen
722,2C_454/2025,Ryter,SP,Öffentliches Recht,abgewiesen
723,6B_898/2024,Wohlhauser,SP,Strafrecht,teilweise gutgeheissen
724,"1C_178/2026, 1C_193/2026",Müller,SVP,Öffentliches Recht,nicht eingetreten
726,6B_96/2025,Heine,SVP,Strafrecht,abgewiesen
728,7B_333/2024,Hofmann,Die Mitte,Strafrecht,abgewiesen
730,6B_113/2026,von Felten,Die Mitte,Strafrecht,abgewiesen
731,6B_577/2025,Glassey,Die Mitte,Strafrecht,abgewiesen
732,6B_852/2025,Glassey,Die Mitte,Strafrecht,abgewiesen
734,4A_291/2025,Denys,Grüne,Zivilrecht,gutgeheissen
735,4A_166/2026,May Canellas,Die Mitte,Zivilrecht,abgewiesen
737,2C_59/2026,Kradolfer,FDP,Öffentliches Recht,abgewiesen
738,5A_111/2025,Josi,SVP,Zivilrecht,abgewiesen
73,1C_626/2025,Merz,Mitte,Öffentliches Recht,teilweise gutgeheissen
741,7B_586/2026,Koch,SP,Strafrecht,gutgeheissen
742,6B_619/2024,Glassey,Die Mitte,Strafrecht,abgewiesen
743,6B_622/2024,Glassey,Die Mitte,Strafrecht,teilweise gutgeheissen
744,6B_284/2025,Guidon,SVP,Strafrecht,abgewiesen
745,6B_165/2026,Segura,FDP,Strafrecht,abgewiesen
746,5A_826/2025,De Rossa,SP,Zivilrecht,abgewiesen
747,5A_846/2025,De Rossa,SP,Zivilrecht,abgewiesen
748,5A_1019/2025,De Rossa,SP,Zivilrecht,abgewiesen
749,6B_456/2024,Guidon,SVP,Strafrecht,abgewiesen
74,7B_143/2026,Hofmann,Die Mitte,Strafrecht,gutgeheissen
750,5A_782/2025,Josi,SVP,Zivilrecht,abgewiesen
751,2C_731/2025,Kradolfer,FDP,Öffentliches Recht,abgewiesen
752,6B_412/2024,Guidon,SVP,Strafrecht,abgewiesen
753,6F_3/2026,Wohlhauser,SP,AndererBereich,nicht eingetreten
754,8C_703/2025,Métral,Grüne,Öffentliches Recht,gutgeheissen
756,5A_779/2025,De Rossa,SP,Zivilrecht,teilweise gutgeheissen
757,9C_309/2025,Bollinger,SVP,Öffentliches Recht,abgewiesen
758,7B_247/2026,Kölz,Grüne,Strafrecht,nicht eingetreten
760,2C_28/2025,Hänni,Die Mitte,Öffentliches Recht,gutgeheissen
761,2C_30/2025,Hänni,Die Mitte,Öffentliches Recht,gutgeheissen
762,7B_1184/2025,Hofmann,Die Mitte,Strafrecht,gutgeheissen
763,5A_1096/2025,Josi,SVP,Zivilrecht,abgeschrieben
764,5A_119/2026,De Rossa,SP,Zivilrecht,abgewiesen
765,5A_867/2025,Josi,SVP,Zivilrecht,abgewiesen
766,5A_955/2025,De Rossa,SP,Zivilrecht,abgewiesen
767,5D_55/2025,Josi,SVP,Subsidiäre Verfassungsbeschwerde,nicht eingetreten
768,9F_28/2025,Bollinger,SVP,AndererBereich,nicht eingetreten
769,8C_27/2026,Métral,Grüne,Öffentliches Recht,gutgeheissen
76,"6B_657/2024, 6B_662/2024",Wohlhauser,SP,Strafrecht,gutgeheissen
770,9C_185/2026,Beusch,SP,Öffentliches Recht,abgewiesen
771,5A_1094/2025,De Rossa,SP,Zivilrecht,abgewiesen
773,5A_18/2026,Josi,SVP,Zivilrecht,abgewiesen
774,5A_263/2026,De Rossa,SP,Zivilrecht,abgewiesen
778,2C_698/2025,Kradolfer,FDP,Öffentliches Recht,nicht eingetreten
782,7B_1006/2023,Brunner,SVP,Strafrecht,gutgeheissen
784,7F_25/2026,Hofmann,Die Mitte,AndererBereich,nicht eingetreten
789,4A_24/2026,May Canellas,Die Mitte,Zivilrecht,abgewiesen
790,4A_480/2025,Rüedi,SVP,Zivilrecht,gutgeheissen
791,4A_440/2025,May Canellas,Die Mitte,Zivilrecht,nicht eingetreten
792,4A_396/2025,May Canellas,Die Mitte,Zivilrecht,gutgeheissen
793,6B_739/2025,Guidon,SVP,Strafrecht,abgewiesen
794,4A_34/2026,Rüedi,SVP,Zivilrecht,abgewiesen
795,4A_444/2025,Denys,Grüne,Zivilrecht,abgewiesen
796,6B_28/2026,Wohlhauser,SP,Strafrecht,abgewiesen
797,6B_689/2025,Wohlhauser,SP,Strafrecht,abgewiesen
798,4A_402/2025,Rüedi,SVP,Zivilrecht,abgewiesen
799,4A_22/2026,May Canellas,Die Mitte,Zivilrecht,abgewiesen
7,1C_397/2024,Mecca,FDP,Öffentliches Recht,nicht eingetreten
800,7B_793/2025,Kölz,Grüne,Strafrecht,abgewiesen
802,2C_642/2025,Kradolfer,FDP,Öffentliches Recht,abgewiesen
803,2C_96/2026,Hänni,Die Mitte,Öffentliches Recht,abgewiesen
806,1C_374/2025,Merz,Mitte,Öffentliches Recht,abgewiesen
807,5A_265/2026,De Rossa,SP,Zivilrecht,abgewiesen
808,9C_8/2026,Parrino,SP,Öffentliches Recht,abgewiesen
809,6B_583/2025,Guidon,SVP,Strafrecht,teilweise gutgeheissen
810,4A_9/2026,Denys,Grüne,Zivilrecht,abgewiesen
811,5A_58/2025,Josi,SVP,Zivilrecht,abgewiesen
816,5A_435/2026,De Rossa,SP,Zivilrecht,abgewiesen
826,7B_121/2026,Hofmann,Die Mitte,Strafrecht,abgewiesen
827,8C_689/2025,Métral,Grüne,Öffentliches Recht,abgewiesen
830,9C_104/2026,Beusch,SP,Öffentliches Recht,abgewiesen
831,9C_366/2025,Parrino,SP,Öffentliches Recht,gutgeheissen
832,2C_177/2026,Ryter,SP,Öffentliches Recht,nicht eingetreten
835,7F_19/2026,Kölz,Grüne,AndererBereich,nicht eingetreten
838,8C_705/2025,Scherrer Reber,FDP,Öffentliches Recht,abgewiesen
839,8C_85/2026,Métral,Grüne,Öffentliches Recht,abgewiesen
840,9F_11/2026,Beusch,SP,AndererBereich,abgewiesen
842,7B_450/2025,Hofmann,Die Mitte,Strafrecht,gutgeheissen
843,7B_537/2026,Hofmann,Die Mitte,Strafrecht,gutgeheissen
845,1C_371/2024,Müller,SVP,Öffentliches Recht,abgewiesen
846,1C_97/2026,Kneubühler,SP,Öffentliches Recht,nicht eingetreten
847,2C_87/2026,Kradolfer,FDP,Öffentliches Recht,abgewiesen
850,7B_1347/2025,Koch,SP,Strafrecht,abgewiesen
851,6B_1205/2023,Wohlhauser,SP,Strafrecht,abgewiesen
852,1C_194/2024,Mecca,FDP,Öffentliches Recht,abgewiesen
853,1C_64/2024,Mecca,FDP,Öffentliches Recht,teilweise gutgeheissen
854,1C_80/2024,Mecca,FDP,Öffentliches Recht,teilweise gutgeheissen
859,9C_173/2025,Bollinger,SVP,Öffentliches Recht,teilweise gutgeheissen
85,2C_47/2025,Hänni,Die Mitte,Öffentliches Recht,abgewiesen
864,2C_384/2025,Kradolfer,FDP,Öffentliches Recht,nicht eingetreten
865,7B_1050/2024,Schär,FDP,Strafrecht,abgewiesen
866,7B_1360/2025,Koch,SP,Strafrecht,gutgeheissen
867,9F_7/2026,Beusch,SP,AndererBereich,abgewiesen
868,9F_8/2026,Beusch,SP,AndererBereich,abgewiesen
86,"1C_563/2025, 1C_566/2025, 1C_570/2025,",Kneubühler,SP,Öffentliches Recht,nicht eingetreten
870,8C_201/2026,Métral,Grüne,Öffentliches Recht,abgewiesen
872,7B_320/2025,Hofmann,Die Mitte,Strafrecht,gutgeheissen
873,7B_322/2026,Kölz,Grüne,Strafrecht,nicht eingetreten
878,9C_246/2026,Parrino,SP,Öffentliches Recht,abgewiesen
87,4A_236/2024,Rüedi,SVP,Zivilrecht,nicht eingetreten
880,1C_579/2025,Merz,Mitte,Öffentliches Recht,abgewiesen
881,1C_341/2025,Kneubühler,SP,Öffentliches Recht,gutgeheissen
882,1C_183/2026,Mecca,FDP,Öffentliches Recht,nicht eingetreten
883,7B_1258/2025,Koch,SP,Strafrecht,gutgeheissen
884,7B_1310/2025,Hofmann,Die Mitte,Strafrecht,abgewiesen
887,8C_213/2025,Bollinger,SVP,Öffentliches Recht,abgewiesen
888,6B_146/2026,Kradolfer,FDP,Strafrecht,abgewiesen
88,4A_310/2024,Denys,Grüne,Zivilrecht,abgewiesen
890,7B_1349/2025,Kölz,Grüne,Strafrecht,abgewiesen
893,1C_206/2026,Merz,Mitte,Öffentliches Recht,abgewiesen
895,8C_681/2025,Métral,Grüne,Öffentliches Recht,gutgeheissen
897,9C_224/2026,Beusch,SP,Öffentliches Recht,abgewiesen
89,1C_580/2024,Hänni,Die Mitte,Öffentliches Recht,gutgeheissen
902,7B_1144/2025,Kölz,Grüne,Strafrecht,gutgeheissen
904,1C_260/2026,Hänni,Die Mitte,Öffentliches Recht,abgewiesen
905,5A_434/2026,De Rossa,SP,Zivilrecht,abgewiesen
908,2C_334/2024,Ryter,SP,Öffentliches Recht,abgeschrieben
909,2C_133/2026,Ryter,SP,Öffentliches Recht,abgewiesen
90,6B_856/2025,Glassey,Die Mitte,Strafrecht,abgewiesen
910,5A_683/2024,Hartmann,Grüne,Zivilrecht,abgewiesen
911,5A_684/2024,Hartmann,Grüne,Zivilrecht,gutgeheissen
912,1C_153/2026,Merz,Mitte,Öffentliches Recht,abgewiesen
913,5A_162/2025,Josi,SVP,Zivilrecht,gutgeheissen
914,8C_262/2025,Scherrer Reber,FDP,Öffentliches Recht,abgewiesen
915,4A_43/2026,Denys,Grüne,Zivilrecht,teilweise gutgeheissen
917,5A_217/2026,De Rossa,SP,Zivilrecht,abgewiesen
919,"6B_533/2024, 6B_539/2024, 6B_540/2024",Wohlhauser,SP,Strafrecht,abgewiesen
91,2C_586/2025,Ryter,SP,Öffentliches Recht,gutgeheissen
922,7B_211/2025,Kölz,Grüne,Strafrecht,gutgeheissen
926,8C_255/2025,Métral,Grüne,Öffentliches Recht,gutgeheissen
929,4A_347/2025,May Canellas,Die Mitte,Zivilrecht,teilweise gutgeheissen
92,8C_8/2026,Scherrer Reber,FDP,Öffentliches Recht,abgewiesen
930,4A_648/2025,May Canellas,Die Mitte,Zivilrecht,abgewiesen
931,6B_519/2025,Heine,SVP,Strafrecht,abgewiesen
932,6B_1213/2023,Glassey,Die Mitte,Strafrecht,teilweise gutgeheissen
933,6B_1274/2023,Glassey,Die Mitte,Strafrecht,teilweise gutgeheissen
934,6B_950/2025,Glassey,Die Mitte,Strafrecht,teilweise gutgeheissen
935,8C_72/2026,Scherrer Reber,FDP,Öffentliches Recht,gutgeheissen
936,6B_723/2025,Wohlhauser,SP,Strafrecht,gutgeheissen
937,2C_506/2024,Hänni,Die Mitte,Öffentliches Recht,abgewiesen
938,2C_464/2025,Ryter,SP,Öffentliches Recht,abgewiesen
939,6B_145/2026,Guidon,SVP,Strafrecht,abgewiesen
93,9C_54/2026,Beusch,SP,Öffentliches Recht,abgewiesen
940,6B_329/2025,Glassey,Die Mitte,Strafrecht,abgewiesen
941,6B_746/2025,Glassey,Die Mitte,Strafrecht,abgewiesen
942,6B_985/2025,Glassey,Die Mitte,Strafrecht,abgewiesen
943,5A_1077/2025,De Rossa,SP,Zivilrecht,nicht eingetreten
944,5A_476/2025,De Rossa,SP,Zivilrecht,teilweise gutgeheissen
945,5F_2/2026,Josi,SVP,AndererBereich,abgewiesen
946,"6B_110/2026, 6B_112/2026",Glassey,Die Mitte,Strafrecht,gutgeheissen
947,6B_45/2026,Glassey,Die Mitte,Strafrecht,abgewiesen
948,9C_137/2025,Bollinger,SVP,Öffentliches Recht,teilweise gutgeheissen
952,8C_554/2025,Métral,Grüne,Öffentliches Recht,abgewiesen
953,5A_954/2025,Josi,SVP,Zivilrecht,nicht eingetreten
954,6B_138/2026,Glassey,Die Mitte,Strafrecht,abgewiesen
955,6B_858/2025,Wohlhauser,SP,Strafrecht,abgewiesen
956,7B_1106/2025,Schär,FDP,Strafrecht,abgewiesen
958,5A_204/2026,De Rossa,SP,Zivilrecht,abgewiesen
961,5A_107/2026,Hartmann,Grüne,Zivilrecht,abgewiesen
962,5A_336/2026,Josi,SVP,Zivilrecht,abgewiesen
963,5A_16/2025,Josi,SVP,Zivilrecht,abgewiesen
964,5A_975/2025,De Rossa,SP,Zivilrecht,nicht eingetreten
967,"6B_942/2024, 6B_943/2024, 6B_944/2024, 6B_948/2024",Wohlhauser,SP,Strafrecht,abgewiesen
968,1C_354/2025,Hänni,Die Mitte,Öffentliches Recht,abgewiesen
969,2C_305/2025,Hänni,Die Mitte,Öffentliches Recht,abgewiesen
96,"9C_315/2026, 9C_316/2026",Bollinger,SVP,Öffentliches Recht,nicht eingetreten
970,1C_506/2025,Kneubühler,SP,Öffentliches Recht,nicht eingetreten
971,2C_520/2025,Hänni,Die Mitte,Öffentliches Recht,abgewiesen
972,7B_936/2024,Kölz,Grüne,Strafrecht,nicht eingetreten
973,5A_648/2025,Josi,SVP,Zivilrecht,nicht eingetreten
974,1C_631/2025,Kneubühler,SP,Öffentliches Recht,abgewiesen
975,7B_230/2024,Hofmann,Die Mitte,Strafrecht,nicht eingetreten
976,8C_503/2024,Scherrer Reber,FDP,Öffentliches Recht,teilweise gutgeheissen
979,9C_247/2025,Bollinger,SVP,Öffentliches Recht,gutgeheissen
97,9C_322/2025,Bollinger,SVP,Öffentliches Recht,teilweise gutgeheissen
981,1C_573/2024,Bürki,SVP,Öffentliches Recht,gutgeheissen
983,6B_832/2025,Wohlhauser,SP,Strafrecht,abgewiesen
98,4D_230/2025,May Canellas,Die Mitte,Subsidiäre Verfassungsbeschwerde,gutgeheissen
996,7B_1117/2025,Hofmann,Die Mitte,Strafrecht,abgewiesen
99,7B_1354/2025,Hofmann,Die Mitte,Strafrecht,abgewiesen
114,1C_128/2026,Müller,SVP,Öffentliches Recht,abgewiesen
119,7B_1326/2024,Hofmann,Die Mitte,Strafrecht,abgewiesen
13,6B_432/2025,Guidon,SVP,Strafrecht,gutgeheissen
175,1C_146/2025,Müller,SVP,Öffentliches Recht,gutgeheissen
183,6B_359/2024,Guidon,SVP,Strafrecht,teilweise gutgeheissen
195,6B_200/2026,Glassey,Die Mitte,Strafrecht,gutgeheissen
197,6B_947/2025,Wohlhauser,SP,Strafrecht,abgewiesen
215,2C_212/2025,Ryter,SP,Öffentliches Recht,abgewiesen
224,9C_697/2024,Beusch,SP,Öffentliches Recht,gutgeheissen
230,9C_652/2025,Beusch,SP,Öffentliches Recht,abgewiesen
264,8C_672/2025,Scherrer Reber,FDP,Öffentliches Recht,gutgeheissen
279,6B_13/2026,Wohlhauser,SP,Strafrecht,gutgeheissen
292,6B_401/2025,Guidon,SVP,Strafrecht,gutgeheissen
308,6B_966/2025,Guidon,SVP,Strafrecht,teilweise gutgeheissen
341,7B_382/2026,Brunner,SVP,Strafrecht,abgewiesen
342,7B_652/2025,Koch,SP,Strafrecht,abgewiesen
347,2C_534/2025,Ryter,SP,Öffentliches Recht,nicht eingetreten
373,1C_401/2024,Müller,SVP,Öffentliches Recht,abgewiesen
409,6B_988/2025,Guidon,SVP,Strafrecht,gutgeheissen
42,"2C_31/2025, 2C_34/2025",Ryter,SP,Öffentliches Recht,abgewiesen
442,1C_458/2025,Müller,SVP,Öffentliches Recht,abgewiesen
445,7B_683/2025,Hofmann,Die Mitte,Strafrecht,abgewiesen
44,2C_603/2025,Ryter,SP,Öffentliches Recht,teilweise gutgeheissen
460,4A_323/2025,May Canellas,Die Mitte,Zivilrecht,abgewiesen
464,5A_506/2025,De Rossa,SP,Zivilrecht,abgewiesen
469,2C_207/2026,Ryter,SP,Öffentliches Recht,gutgeheissen
48,6B_747/2025,Guidon,SVP,Strafrecht,abgewiesen
502,6B_353/2025,Guidon,SVP,Strafrecht,teilweise gutgeheissen
503,7B_1289/2025,Kölz,Grüne,Strafrecht,gutgeheissen
51,7B_594/2024,Kölz,Grüne,Strafrecht,nicht eingetreten
537,4A_514/2025,Rüedi,SVP,Zivilrecht,abgewiesen
53,8C_283/2025,Scherrer Reber,FDP,Öffentliches Recht,abgewiesen
560,6B_935/2025,Wohlhauser,SP,Strafrecht,gutgeheissen
572,"1C_733/2025, 1C_734/2025, 1C_61/2026",Müller,SVP,Öffentliches Recht,gutgeheissen
577,8C_484/2025,Métral,Grüne,Öffentliches Recht,gutgeheissen
587,4A_91/2026,Rüedi,SVP,Zivilrecht,abgewiesen
595,4A_433/2025,Rüedi,SVP,Zivilrecht,abgewiesen
630,1C_583/2025,Müller,SVP,Öffentliches Recht,abgewiesen
633,"5A_631/2024, 5A_643/2024",De Rossa,SP,Zivilrecht,abgewiesen
638,6B_98/2026,Lötscher,SP,Strafrecht,abgewiesen
655,8C_588/2025,Scherrer Reber,FDP,Öffentliches Recht,nicht eingetreten
670,5A_517/2024,De Rossa,SP,Zivilrecht,teilweise gutgeheissen
726,6B_96/2025,Wohlhauser,SP,Strafrecht,abgewiesen
734,4A_291/2025,Rüedi,SVP,Zivilrecht,gutgeheissen
760,2C_28/2025,Ryter,SP,Öffentliches Recht,gutgeheissen
761,2C_30/2025,Ryter,SP,Öffentliches Recht,gutgeheissen
76,"6B_657/2024, 6B_662/2024",Guidon,SVP,Strafrecht,gutgeheissen
810,4A_9/2026,Rüedi,SVP,Zivilrecht,abgewiesen
846,1C_97/2026,Müller,SVP,Öffentliches Recht,nicht eingetreten
851,6B_1205/2023,Guidon,SVP,Strafrecht,abgewiesen
85,2C_47/2025,Ryter,SP,Öffentliches Recht,abgewiesen
866,7B_1360/2025,Schär,FDP,Strafrecht,gutgeheissen
86,"1C_563/2025, 1C_566/2025, 1C_570/2025,",Müller,SVP,Öffentliches Recht,nicht eingetreten
881,1C_341/2025,Müller,SVP,Öffentliches Recht,gutgeheissen
883,7B_1258/2025,Kölz,Grüne,Strafrecht,gutgeheissen
902,7B_1144/2025,Hofmann,Die Mitte,Strafrecht,gutgeheissen
911,5A_684/2024,De Rossa,SP,Zivilrecht,gutgeheissen
919,"6B_533/2024, 6B_539/2024, 6B_540/2024",Guidon,SVP,Strafrecht,abgewiesen
92,8C_8/2026,Métral,Grüne,Öffentliches Recht,abgewiesen
936,6B_723/2025,Guidon,SVP,Strafrecht,gutgeheissen
937,2C_506/2024,Ryter,SP,Öffentliches Recht,abgewiesen
955,6B_858/2025,Marti-Schreier,SP,Strafrecht,abgewiesen
967,"6B_942/2024, 6B_943/2024, 6B_944/2024, 6B_948/2024",Guidon,SVP,Strafrecht,abgewiesen
970,1C_506/2025,Müller,SVP,Öffentliches Recht,nicht eingetreten
971,2C_520/2025,Ryter,SP,Öffentliches Recht,abgewiesen
972,7B_936/2024,Hofmann,Die Mitte,Strafrecht,nicht eingetreten
976,8C_503/2024,Métral,Grüne,Öffentliches Recht,teilweise gutgeheissen
114,1C_128/2026,Merz,Mitte,Öffentliches Recht,abgewiesen
119,7B_1326/2024,Schär,FDP,Strafrecht,abgewiesen
13,6B_432/2025,Glassey,Die Mitte,Strafrecht,gutgeheissen
175,1C_146/2025,Merz,Mitte,Öffentliches Recht,gutgeheissen
183,6B_359/2024,Glassey,Die Mitte,Strafrecht,teilweise gutgeheissen
195,6B_200/2026,Marti-Schreier,SP,Strafrecht,gutgeheissen
215,2C_212/2025,Kradolfer,FDP,Öffentliches Recht,abgewiesen
224,9C_697/2024,Berger,FDP,Öffentliches Recht,gutgeheissen
230,9C_652/2025,Bollinger,SVP,Öffentliches Recht,abgewiesen
264,8C_672/2025,Métral,Grüne,Öffentliches Recht,gutgeheissen
279,6B_13/2026,Guidon,SVP,Strafrecht,gutgeheissen
292,6B_401/2025,Glassey,Die Mitte,Strafrecht,gutgeheissen
308,6B_966/2025,Glassey,Die Mitte,Strafrecht,teilweise gutgeheissen
347,2C_534/2025,Kradolfer,FDP,Öffentliches Recht,nicht eingetreten
373,1C_401/2024,Merz,Mitte,Öffentliches Recht,abgewiesen
409,6B_988/2025,Glassey,Die Mitte,Strafrecht,gutgeheissen
42,"2C_31/2025, 2C_34/2025",Petrik-Haltiner,SP,Öffentliches Recht,abgewiesen
442,1C_458/2025,Merz,Mitte,Öffentliches Recht,abgewiesen
445,7B_683/2025,Brunner,SVP,Strafrecht,abgewiesen
44,2C_603/2025,Kradolfer,FDP,Öffentliches Recht,teilweise gutgeheissen
464,5A_506/2025,Josi,SVP,Zivilrecht,abgewiesen
469,2C_207/2026,Kradolfer,FDP,Öffentliches Recht,gutgeheissen
48,6B_747/2025,Glassey,Die Mitte,Strafrecht,abgewiesen
502,6B_353/2025,Glassey,Die Mitte,Strafrecht,teilweise gutgeheissen
503,7B_1289/2025,Hofmann,Die Mitte,Strafrecht,gutgeheissen
51,7B_594/2024,Hofmann,Die Mitte,Strafrecht,nicht eingetreten
537,4A_514/2025,May Canellas,Die Mitte,Zivilrecht,abgewiesen
53,8C_283/2025,Métral,Grüne,Öffentliches Recht,abgewiesen
572,"1C_733/2025, 1C_734/2025, 1C_61/2026",Merz,Mitte,Öffentliches Recht,gutgeheissen
577,8C_484/2025,Bollinger,SVP,Öffentliches Recht,gutgeheissen
595,4A_433/2025,May Canellas,Die Mitte,Zivilrecht,abgewiesen
633,"5A_631/2024, 5A_643/2024",Josi,SVP,Zivilrecht,abgewiesen
655,8C_588/2025,Métral,Grüne,Öffentliches Recht,nicht eingetreten
670,5A_517/2024,Josi,SVP,Zivilrecht,teilweise gutgeheissen
734,4A_291/2025,May Canellas,Die Mitte,Zivilrecht,gutgeheissen
760,2C_28/2025,Kradolfer,FDP,Öffentliches Recht,gutgeheissen
761,2C_30/2025,Kradolfer,FDP,Öffentliches Recht,gutgeheissen
76,"6B_657/2024, 6B_662/2024",Glassey,Die Mitte,Strafrecht,gutgeheissen
810,4A_9/2026,May Canellas,Die Mitte,Zivilrecht,abgewiesen
846,1C_97/2026,Merz,Mitte,Öffentliches Recht,nicht eingetreten
851,6B_1205/2023,Glassey,Die Mitte,Strafrecht,abgewiesen
85,2C_47/2025,Kradolfer,FDP,Öffentliches Recht,abgewiesen
86,"1C_563/2025, 1C_566/2025, 1C_570/2025,",Merz,Mitte,Öffentliches Recht,nicht eingetreten
881,1C_341/2025,Merz,Mitte,Öffentliches Recht,gutgeheissen
883,7B_1258/2025,Hofmann,Die Mitte,Strafrecht,gutgeheissen
902,7B_1144/2025,Schär,FDP,Strafrecht,gutgeheissen
911,5A_684/2024,Josi,SVP,Zivilrecht,gutgeheissen
919,"6B_533/2024, 6B_539/2024, 6B_540/2024",Glassey,Die Mitte,Strafrecht,abgewiesen
92,8C_8/2026,Bollinger,SVP,Öffentliches Recht,abgewiesen
936,6B_723/2025,Glassey,Die Mitte,Strafrecht,gutgeheissen
937,2C_506/2024,Kradolfer,FDP,Öffentliches Recht,abgewiesen
967,"6B_942/2024, 6B_943/2024, 6B_944/2024, 6B_948/2024",Glassey,Die Mitte,Strafrecht,abgewiesen
970,1C_506/2025,Merz,Mitte,Öffentliches Recht,nicht eingetreten
971,2C_520/2025,Kradolfer,FDP,Öffentliches Recht,abgewiesen
976,8C_503/2024,Bollinger,SVP,Öffentliches Recht,teilweise gutgeheissen
